INSERT INTO Word (id, lemma, part_of_speech, phonetic, phonetic_voice, phonetic_url) VALUES ('c50b3c3f-039f-4eab-ae0d-822e8b9729ea', 'a', 'subst.', 'a:', NULL, 'https://lexin.nada.kth.se/sound/v2/100021_1.mp3');
INSERT INTO WordIndex (id, word_id, spell, form) VALUES ('b02c6f86-a3bc-49a5-be98-3a56ad470693', 'c50b3c3f-039f-4eab-ae0d-822e8b9729ea', 'a', 'obest.f.sing.'), ('a5f4ccaf-d4d5-4c94-9bd6-7bd03ce7b11b', 'c50b3c3f-039f-4eab-ae0d-822e8b9729ea', 'a:et', 'best.f.sing.'), ('43ad53a4-2dc4-4922-892e-60d2a5ccf743', 'c50b3c3f-039f-4eab-ae0d-822e8b9729ea', 'a:n', 'obest.f.pl.'), ('e108c140-ec39-4be2-8b12-9b0f46c7d804', 'c50b3c3f-039f-4eab-ae0d-822e8b9729ea', 'a:na', 'best.f.pl.'), ('bd0bd84f-a38b-4331-88d2-166e3d4c9a00', 'c50b3c3f-039f-4eab-ae0d-822e8b9729ea', 'as', NULL), ('18fd3e32-cbc4-488e-9fe2-278068f034be', 'c50b3c3f-039f-4eab-ae0d-822e8b9729ea', 'a:ets', NULL), ('b0a97fea-b906-436d-89dc-57668370156e', 'c50b3c3f-039f-4eab-ae0d-822e8b9729ea', 'a:ns', NULL), ('35d36965-24c7-4909-9c7f-45d5cdc2c26f', 'c50b3c3f-039f-4eab-ae0d-822e8b9729ea', 'a:nas', NULL), ('13cda246-9d04-4d66-ba6c-d4187f976dfd', 'c50b3c3f-039f-4eab-ae0d-822e8b9729ea', 'a-moll', NULL), ('7f57ad09-36ee-4921-a255-52218cc60e98', 'c50b3c3f-039f-4eab-ae0d-822e8b9729ea', 'a-molls', NULL), ('a3d527af-b27c-491f-a8a6-c1e76b067179', 'c50b3c3f-039f-4eab-ae0d-822e8b9729ea', 'a moll', NULL), ('0ccca005-3d0c-4075-9749-51baa2e62616', 'c50b3c3f-039f-4eab-ae0d-822e8b9729ea', 'a molls', NULL), ('3da1e6c4-e6c3-414c-bba5-e3cb042862ef', 'c50b3c3f-039f-4eab-ae0d-822e8b9729ea', 'A-dur', NULL), ('27112a25-1028-48e4-86d9-490c49dc62d1', 'c50b3c3f-039f-4eab-ae0d-822e8b9729ea', 'A-durs', NULL), ('c35c1ede-710a-4a65-a5c0-871f017bbf01', 'c50b3c3f-039f-4eab-ae0d-822e8b9729ea', 'A dur', NULL), ('57c6bbe4-c9f7-4435-99a7-004db9503b03', 'c50b3c3f-039f-4eab-ae0d-822e8b9729ea', 'A durs', NULL);
INSERT INTO Lexeme (id, word_id, definition, example, example_meaning, source) VALUES ('5e34c341-0d49-4e87-a5e0-a748b62f93a9', 'c50b3c3f-039f-4eab-ae0d-822e8b9729ea', 'första bokstaven i alfabetet', NULL, NULL, 'lexin-swe'), ('7d95ee68-f1f1-485a-9b8f-9b4ab52839a7', 'c50b3c3f-039f-4eab-ae0d-822e8b9729ea', 'sjätte tonen i C-durskalan', NULL, NULL, 'lexin-swe'), ('d7d5d5dc-5224-4cb4-be4c-3b006a04b174', 'c50b3c3f-039f-4eab-ae0d-822e8b9729ea', 'the first letter of the alphabet', NULL, NULL, 'folkets-lexikon'), ('bf6d0ee7-b22b-4344-91c5-f67543f3c7ae', 'c50b3c3f-039f-4eab-ae0d-822e8b9729ea', 'the sixth tone in the scale of C major', NULL, NULL, 'folkets-lexikon');
INSERT INTO Word (id, lemma, part_of_speech, phonetic, phonetic_voice, phonetic_url) VALUES ('8fe8315a-d718-4af7-bb17-2c0df9c44386', 'à', 'prep.', 'a', NULL, 'https://lexin.nada.kth.se/sound/v2/100052_1.mp3');
INSERT INTO WordIndex (id, word_id, spell, form) VALUES ('ab01145a-8b81-4b67-83fc-77755b08d7d6', '8fe8315a-d718-4af7-bb17-2c0df9c44386', 'à', NULL);
INSERT INTO Lexeme (id, word_id, definition, example, example_meaning, source) VALUES ('979389b6-0b9f-49af-9a2c-3059fbbeeace', '8fe8315a-d718-4af7-bb17-2c0df9c44386', 'till ett pris av', 'två koppar kaffe à 15 kronor (styck)', NULL, 'lexin-swe'), ('b53f0621-d2cd-4dfe-a629-4446e098eae2', '8fe8315a-d718-4af7-bb17-2c0df9c44386', 'till', '2 à 3 meter', NULL, 'lexin-swe'), ('708c687c-5c25-45f5-adc6-ca85c579b9e6', '8fe8315a-d718-4af7-bb17-2c0df9c44386', 'at a price of', 'två koppar kaffe à 8 kronor (styck)', 'two cups of coffee at 8 kronor (each)', 'folkets-lexikon'), ('bc6251c0-1539-42b0-af52-8983875fbbdb', '8fe8315a-d718-4af7-bb17-2c0df9c44386', 'to', '2 à 3 meter', '2 to 3 metres', 'folkets-lexikon');
INSERT INTO Word (id, lemma, part_of_speech, phonetic, phonetic_voice, phonetic_url) VALUES ('0630931c-9b51-4ef6-b477-ad4ffb590016', 'A-aktie', 'subst.', '²ạ:ak:tsie', NULL, 'https://lexin.nada.kth.se/sound/v2/100003_1.mp3');
INSERT INTO WordIndex (id, word_id, spell, form) VALUES ('25c40111-0a4e-454b-9901-2dd24127807b', '0630931c-9b51-4ef6-b477-ad4ffb590016', 'A-aktie', 'obest.f.sing.'), ('c62edae8-91ac-433d-b926-4d8f73baaf52', '0630931c-9b51-4ef6-b477-ad4ffb590016', 'A-aktien', 'best.f.sing.'), ('4eab3dbb-0072-4fbf-a032-798f73b678ed', '0630931c-9b51-4ef6-b477-ad4ffb590016', 'A-aktier', 'obest.f.pl.'), ('8859561e-7543-40d6-a655-58816003d67c', '0630931c-9b51-4ef6-b477-ad4ffb590016', 'A-aktierna', 'best.f.pl.'), ('38abbce8-e336-4009-bdaf-87a4e1ac591e', '0630931c-9b51-4ef6-b477-ad4ffb590016', 'A-akties', NULL), ('346219ea-2f7e-487f-925f-4a3b6fa3a821', '0630931c-9b51-4ef6-b477-ad4ffb590016', 'A-aktiens', NULL), ('458cd00b-8cd7-4885-a754-c09a19fae97e', '0630931c-9b51-4ef6-b477-ad4ffb590016', 'A-aktiers', NULL), ('fb71ef90-3871-487e-a0dc-a01bb135279a', '0630931c-9b51-4ef6-b477-ad4ffb590016', 'A-aktiernas', NULL);
INSERT INTO Lexeme (id, word_id, definition, example, example_meaning, source) VALUES ('c3b77693-49bd-48e1-a25b-09fd13f92c81', '0630931c-9b51-4ef6-b477-ad4ffb590016', 'aktie som är värd mycket när man röstar vid bolagsstämma', NULL, NULL, 'lexin-swe');
INSERT INTO Word (id, lemma, part_of_speech, phonetic, phonetic_voice, phonetic_url) VALUES ('8802ad51-b2e6-47f7-8aaf-11cface826ea', 'AB', 'förk.', '²ạ:be:', NULL, 'https://lexin.nada.kth.se/sound/ab.mp3');
INSERT INTO WordIndex (id, word_id, spell, form) VALUES ('da63fc63-c229-466a-af11-eccd65120578', '8802ad51-b2e6-47f7-8aaf-11cface826ea', 'AB', NULL);
INSERT INTO Lexeme (id, word_id, definition, example, example_meaning, source) VALUES ('7d0c60df-9028-43e7-8074-f5dc5855a4aa', '8802ad51-b2e6-47f7-8aaf-11cface826ea', 'aktiebolag(et) (i firmanamn)', 'AB Svensk Filmindustri', NULL, 'lexin-swe'), ('aee5ce40-b16a-4dd4-878a-f8a02b370b18', '8802ad51-b2e6-47f7-8aaf-11cface826ea', 'limited company, joint-stock company', 'Svenska Cellulosa AB', 'Swedish Cellulosa Ltd.', 'folkets-lexikon');
INSERT INTO Word (id, lemma, part_of_speech, phonetic, phonetic_voice, phonetic_url) VALUES ('7571c781-c42d-4719-b1a9-59474174eac8', 'abnorm', 'adj.', 'abnạ̊r:m', NULL, 'https://lexin.nada.kth.se/sound/v2/100148_1.mp3');
INSERT INTO WordIndex (id, word_id, spell, form) VALUES ('aa4a4387-ff7a-4bd7-afe1-d9736a95cc75', '7571c781-c42d-4719-b1a9-59474174eac8', 'abnorm', 'nform'), ('e009b19b-bbbc-415d-807b-aab505ae0bcc', '7571c781-c42d-4719-b1a9-59474174eac8', 'abnormt', 'tform'), ('22364a63-cc01-4d11-a082-8b2cd8ec71cb', '7571c781-c42d-4719-b1a9-59474174eac8', 'abnorma', 'aform'), ('9fd19164-4f66-475c-865c-51f3fb14d710', '7571c781-c42d-4719-b1a9-59474174eac8', 'abnorme', NULL);
INSERT INTO Lexeme (id, word_id, definition, example, example_meaning, source) VALUES ('f302bbe4-efd3-4ff5-be43-9b146716a219', '7571c781-c42d-4719-b1a9-59474174eac8', 'inte naturlig, onormal', 'hon föddes med ett abnormt stort huvud', NULL, 'lexin-swe'), ('4962da18-feb2-4cc8-ad28-538b29741b9b', '7571c781-c42d-4719-b1a9-59474174eac8', 'not normal, unnatural', NULL, NULL, 'folkets-lexikon');
INSERT INTO Word (id, lemma, part_of_speech, phonetic, phonetic_voice, phonetic_url) VALUES ('f484a7ad-914b-4a9a-a74d-a0883936d4b0', 'abonnerar', 'verb', 'abånẹ:rar', NULL, 'https://lexin.nada.kth.se/sound/abonnerar.mp3');
INSERT INTO WordIndex (id, word_id, spell, form) VALUES ('85574144-cae2-4691-b1e8-85e602fc2b6b', 'f484a7ad-914b-4a9a-a74d-a0883936d4b0', 'abonnerar', 'presens'), ('16fa871a-44dc-4c4c-97bc-23eedb502ca3', 'f484a7ad-914b-4a9a-a74d-a0883936d4b0', 'abonnera', 'infinitiv'), ('17a6d364-5fb1-439b-b854-606a3ef17270', 'f484a7ad-914b-4a9a-a74d-a0883936d4b0', 'abonnera', 'imperativ'), ('c556e84e-e039-416d-911b-f5184d04ea1b', 'f484a7ad-914b-4a9a-a74d-a0883936d4b0', 'abonnerade', 'imperfekt'), ('931fc2cb-1575-4b2d-9b6d-9f1e4c36cfe6', 'f484a7ad-914b-4a9a-a74d-a0883936d4b0', 'abonnerat', 'supinum'), ('8e38af43-26e8-4569-97f9-d0bbabb9de8a', 'f484a7ad-914b-4a9a-a74d-a0883936d4b0', 'abonnerad', 'perf.part.'), ('5cc64c39-4d81-4961-974a-6eb074a29387', 'f484a7ad-914b-4a9a-a74d-a0883936d4b0', 'abonneras', NULL), ('c1f715a4-969d-4053-9f5c-b1f4857645cf', 'f484a7ad-914b-4a9a-a74d-a0883936d4b0', 'abonnerades', NULL), ('67a3abdb-9b06-4cf3-abc5-581deb3dcdbc', 'f484a7ad-914b-4a9a-a74d-a0883936d4b0', 'abonnerats', NULL), ('11560585-23ed-4673-8528-7c7fd8a58daa', 'f484a7ad-914b-4a9a-a74d-a0883936d4b0', 'abonnerads', NULL);
INSERT INTO Lexeme (id, word_id, definition, example, example_meaning, source) VALUES ('ac9a3243-81b8-4d4a-b61b-bd4e91d59a24', 'f484a7ad-914b-4a9a-a74d-a0883936d4b0', 'beställer i förväg', 'de abonnerar på två dagliga tidningar', NULL, 'lexin-swe'), ('d58456cf-3c9a-473a-b237-64dfc6999c71', 'f484a7ad-914b-4a9a-a74d-a0883936d4b0', 'order and pay in advance', 'abonnera på en tidning', 'subscribe to a newspaper', 'folkets-lexikon');
INSERT INTO Word (id, lemma, part_of_speech, phonetic, phonetic_voice, phonetic_url) VALUES ('4f649c4f-f0f9-455a-b08b-71e716c6da25', 'absorberar', 'verb', 'absårbẹ:rar', NULL, 'https://lexin.nada.kth.se/sound/absorberar.mp3');
INSERT INTO WordIndex (id, word_id, spell, form) VALUES ('f38c629c-7c24-402e-b15e-7b2f16b52675', '4f649c4f-f0f9-455a-b08b-71e716c6da25', 'absorberar', 'presens'), ('98ffdd56-8b37-4b79-b0b5-7f3b69a15510', '4f649c4f-f0f9-455a-b08b-71e716c6da25', 'absorbera', 'infinitiv'), ('fc757a47-dff7-43cb-a528-dfa39604e06a', '4f649c4f-f0f9-455a-b08b-71e716c6da25', 'absorberade', 'imperfekt'), ('827f8c3d-6ba3-4edf-ab32-dae4911c3907', '4f649c4f-f0f9-455a-b08b-71e716c6da25', 'absorberat', 'supinum'), ('fa567072-d44e-416f-b4ca-86e9340ddde4', '4f649c4f-f0f9-455a-b08b-71e716c6da25', 'absorberad', 'perf.part.'), ('8df3c016-dd1e-4d83-8fff-38626692905d', '4f649c4f-f0f9-455a-b08b-71e716c6da25', 'absorberas', NULL), ('7a73cd99-cf83-4399-84ec-f340f983c744', '4f649c4f-f0f9-455a-b08b-71e716c6da25', 'absorberades', NULL), ('905f1074-60ee-4dd2-90a2-2736f4f9c941', '4f649c4f-f0f9-455a-b08b-71e716c6da25', 'absorberats', NULL), ('6cdb4833-435d-4ae2-8436-e170bf4a6753', '4f649c4f-f0f9-455a-b08b-71e716c6da25', 'absorberads', NULL);
INSERT INTO Lexeme (id, word_id, definition, example, example_meaning, source) VALUES ('3eeb5f22-4fb3-4826-b3ce-ac27ac6fd0f9', '4f649c4f-f0f9-455a-b08b-71e716c6da25', 'suger upp', 'trasan absorberar vatten', NULL, 'lexin-swe'), ('e3c15352-d789-4c22-9302-6c20182d00ae', '4f649c4f-f0f9-455a-b08b-71e716c6da25', 'upptar någons tankar helt', 'arbetet med boken absorberade honom fullständigt', NULL, 'lexin-swe'), ('3efd6533-a118-4654-b23d-a18bdc0f1be8', '4f649c4f-f0f9-455a-b08b-71e716c6da25', 'absorb, soak (suck) up', 'trasan absorberar vatten', 'the cloth absorbs (soaks up) water', 'folkets-lexikon'), ('5f3c4393-faf9-4c02-88aa-5eb8c6f6635e', '4f649c4f-f0f9-455a-b08b-71e716c6da25', 'occupy (someone&#39;s) thoughts', 'arbetet absorberade honom fullständigt', 'the job absorbed him completely, he was engrossed in his work', 'folkets-lexikon');
INSERT INTO Word (id, lemma, part_of_speech, phonetic, phonetic_voice, phonetic_url) VALUES ('e67a3b91-d9ac-4729-bdb1-f0aa75566181', 'abstraherar', 'verb', 'abstrahẹ:rar', NULL, 'https://lexin.nada.kth.se/sound/abstraherar.mp3');
INSERT INTO WordIndex (id, word_id, spell, form) VALUES ('45b0e9f9-b86c-4c9f-a19f-529706cd23ae', 'e67a3b91-d9ac-4729-bdb1-f0aa75566181', 'abstraherar', 'presens'), ('a5921cdc-3d3e-45f9-95d7-489f004f515c', 'e67a3b91-d9ac-4729-bdb1-f0aa75566181', 'abstrahera', 'infinitiv'), ('989ab824-8dbc-462b-bb33-c1d96583c44a', 'e67a3b91-d9ac-4729-bdb1-f0aa75566181', 'abstrahera', 'imperativ'), ('5044df23-f2dc-42dd-9904-c328b86e279b', 'e67a3b91-d9ac-4729-bdb1-f0aa75566181', 'abstraherade', 'imperfekt'), ('b3f35d66-a587-4d74-9498-12fe7b712dc1', 'e67a3b91-d9ac-4729-bdb1-f0aa75566181', 'abstraherat', 'supinum'), ('3fc8b4ef-3d0b-41c4-a029-53924649033b', 'e67a3b91-d9ac-4729-bdb1-f0aa75566181', 'abstraherad', 'perf.part.'), ('a85e42f8-a81c-4039-ba98-cecebd622708', 'e67a3b91-d9ac-4729-bdb1-f0aa75566181', 'abstraheras', NULL), ('435bc76e-d163-42dd-b80e-851dc1ecb896', 'e67a3b91-d9ac-4729-bdb1-f0aa75566181', 'abstraherades', NULL), ('30eb29d7-0eee-4af9-842b-82926245c236', 'e67a3b91-d9ac-4729-bdb1-f0aa75566181', 'abstraherats', NULL), ('324a309a-dbc6-49e0-b287-3e60abb6a5e5', 'e67a3b91-d9ac-4729-bdb1-f0aa75566181', 'abstraherads', NULL);
INSERT INTO Lexeme (id, word_id, definition, example, example_meaning, source) VALUES ('7479e84b-d978-4d25-bbc4-778ffce50d8e', 'e67a3b91-d9ac-4729-bdb1-f0aa75566181', 'skapar en abstrakt bild av något; tänker abstrakt', NULL, NULL, 'lexin-swe'), ('493cd0df-ad2d-4d5f-97ff-7192c367b5a1', 'e67a3b91-d9ac-4729-bdb1-f0aa75566181', 'create an abstract image (of); think in abstract terms', NULL, NULL, 'folkets-lexikon');
INSERT INTO Word (id, lemma, part_of_speech, phonetic, phonetic_voice, phonetic_url) VALUES ('f5f72085-b693-44f6-93c3-39df797f0244', 'abstrakt', 'adj.', 'abstrạk:t', NULL, 'https://lexin.nada.kth.se/sound/v2/100276_1.mp3');
INSERT INTO WordIndex (id, word_id, spell, form) VALUES ('f9938d51-d063-4296-b21f-dd80b69af1e0', 'f5f72085-b693-44f6-93c3-39df797f0244', 'abstrakt', 'tform'), ('bdfc5d60-a3ee-46fd-8b9b-e7efbd5fcfaf', 'f5f72085-b693-44f6-93c3-39df797f0244', 'abstrakt', 'nform'), ('2dfd9f1c-3850-4267-86b9-0d1a2f0d91f2', 'f5f72085-b693-44f6-93c3-39df797f0244', 'abstrakta', 'aform'), ('672ca568-50f2-4647-bd56-916ab79d7dcd', 'f5f72085-b693-44f6-93c3-39df797f0244', 'abstrakte', NULL), ('c8b925db-6ec0-44e5-8d4f-a6340ba171e7', 'f5f72085-b693-44f6-93c3-39df797f0244', 'abstraktare', NULL), ('d6513b0d-39f8-4451-9c61-4d6e25e6426c', 'f5f72085-b693-44f6-93c3-39df797f0244', 'abstraktast', NULL), ('16b08192-46c7-4d9e-be1c-5dc03dec3904', 'f5f72085-b693-44f6-93c3-39df797f0244', 'abstraktaste', NULL);
INSERT INTO Lexeme (id, word_id, definition, example, example_meaning, source) VALUES ('6a33b02c-db88-4408-b378-db0ae4b4978e', 'f5f72085-b693-44f6-93c3-39df797f0244', 'som bara kan upplevas genom tanken; inte verklig, svår att förstå', 'abstrakta begrepp som "tanke" och "ondska"', NULL, 'lexin-swe'), ('d0f54930-9b46-4f8a-8853-69b26f47bef4', 'f5f72085-b693-44f6-93c3-39df797f0244', 'which can only be experienced through thought; unreal; abstruse', NULL, NULL, 'folkets-lexikon');
INSERT INTO Word (id, lemma, part_of_speech, phonetic, phonetic_voice, phonetic_url) VALUES ('42c86e37-16f3-493d-9cd2-c3d93b538f9f', 'abstraktion', 'subst.', 'abstrakʃọ:n', NULL, 'https://lexin.nada.kth.se/sound/v2/100282_1.mp3');
INSERT INTO WordIndex (id, word_id, spell, form) VALUES ('b58c07e9-31e9-4789-85e8-a3cdf812d71f', '42c86e37-16f3-493d-9cd2-c3d93b538f9f', 'abstraktion', 'obest.f.sing.'), ('46d62bf3-fd5a-4858-a5aa-8c4c6823b7ee', '42c86e37-16f3-493d-9cd2-c3d93b538f9f', 'abstraktionen', 'best.f.sing.'), ('56ad6920-3c85-4d95-9320-d27698f55acb', '42c86e37-16f3-493d-9cd2-c3d93b538f9f', 'abstraktioner', 'obest.f.pl.'), ('38322f5d-b0cc-4211-a4a4-ee5481a7b66c', '42c86e37-16f3-493d-9cd2-c3d93b538f9f', 'abstraktionerna', 'best.f.pl.'), ('210b440a-4502-4af0-a385-d0821cfa63b1', '42c86e37-16f3-493d-9cd2-c3d93b538f9f', 'abstraktions', NULL), ('a16cda06-5993-47fb-bb61-63bb07e4e7a7', '42c86e37-16f3-493d-9cd2-c3d93b538f9f', 'abstraktionens', NULL), ('b8422297-7edc-4dd7-a6e9-fd9b0c94c75a', '42c86e37-16f3-493d-9cd2-c3d93b538f9f', 'abstraktioners', NULL), ('c99cd0af-3459-4044-9c0a-e7e4bc877380', '42c86e37-16f3-493d-9cd2-c3d93b538f9f', 'abstraktionernas', NULL), ('e6eabd59-1f65-4387-a93e-d57ced2907dc', '42c86e37-16f3-493d-9cd2-c3d93b538f9f', 'abstraktionsförmåga', NULL), ('3625c7b9-5daa-4432-b935-2cc1a402925b', '42c86e37-16f3-493d-9cd2-c3d93b538f9f', 'abstraktionsförmågas', NULL), ('7e6e0d39-7c23-4751-a181-16c28b85c4af', '42c86e37-16f3-493d-9cd2-c3d93b538f9f', 'abstraktionsförmågan', NULL), ('16de2dae-2e4f-4bb1-ac96-1aebc639348c', '42c86e37-16f3-493d-9cd2-c3d93b538f9f', 'abstraktionsförmågans', NULL), ('7734e580-2554-499e-9e0f-bb279f40637f', '42c86e37-16f3-493d-9cd2-c3d93b538f9f', 'förmåga', NULL), ('71a42a79-91ef-4edb-aaaa-a1f8f3f004c7', '42c86e37-16f3-493d-9cd2-c3d93b538f9f', 'förmågas', NULL), ('f3c61139-ead5-4fb3-a8e0-fc3d3959a006', '42c86e37-16f3-493d-9cd2-c3d93b538f9f', 'förmågan', NULL), ('b8cfad0b-9dc8-4a9a-ae45-b04677e2a7ca', '42c86e37-16f3-493d-9cd2-c3d93b538f9f', 'förmågans', NULL), ('b1b6df18-600f-452a-af73-1682137a00b8', '42c86e37-16f3-493d-9cd2-c3d93b538f9f', 'abstraktionsnivå', NULL), ('dd72b197-18ad-4437-9a58-19dbfbba3ca9', '42c86e37-16f3-493d-9cd2-c3d93b538f9f', 'abstraktionsnivås', NULL), ('9bb1f81d-f21d-4168-9b9c-da24599b3fac', '42c86e37-16f3-493d-9cd2-c3d93b538f9f', 'abstraktionsnivån', NULL), ('3b52cdcf-3da3-43f8-a09a-3923b78edfb4', '42c86e37-16f3-493d-9cd2-c3d93b538f9f', 'abstraktionsnivåns', NULL), ('bcc2556c-903f-40ba-b5bf-d43216c3d64c', '42c86e37-16f3-493d-9cd2-c3d93b538f9f', 'abstraktionsnivåer', NULL), ('9c3c7126-b2f7-44e9-9346-159b0db9f2ed', '42c86e37-16f3-493d-9cd2-c3d93b538f9f', 'abstraktionsnivåers', NULL), ('772c530b-41bd-4b2e-8753-4afcec697767', '42c86e37-16f3-493d-9cd2-c3d93b538f9f', 'abstraktionsnivåerna', NULL), ('65ea89c6-b534-48ac-8673-df4c771db997', '42c86e37-16f3-493d-9cd2-c3d93b538f9f', 'abstraktionsnivåernas', NULL), ('6f96e70a-8d2b-4426-b7b7-29b5d6149712', '42c86e37-16f3-493d-9cd2-c3d93b538f9f', 'nivå', NULL), ('f9ee347f-5227-44a4-a683-2f3749089cf6', '42c86e37-16f3-493d-9cd2-c3d93b538f9f', 'nivås', NULL), ('e1777b68-786a-4a98-bf27-d944ca0981b9', '42c86e37-16f3-493d-9cd2-c3d93b538f9f', 'nivån', NULL), ('d5dcb41a-b607-450c-be20-30c22d31128c', '42c86e37-16f3-493d-9cd2-c3d93b538f9f', 'nivåns', NULL), ('b08f642e-adca-4681-b1f3-cafa0ece815d', '42c86e37-16f3-493d-9cd2-c3d93b538f9f', 'nivåer', NULL), ('b0f49101-38a8-4a19-b4f3-2b29668b7563', '42c86e37-16f3-493d-9cd2-c3d93b538f9f', 'nivåers', NULL), ('b8cb75fc-8631-4d7c-884b-9369e89ddbc7', '42c86e37-16f3-493d-9cd2-c3d93b538f9f', 'nivåerna', NULL), ('e46343af-f611-4e38-b9b8-e66a4c049370', '42c86e37-16f3-493d-9cd2-c3d93b538f9f', 'nivåernas', NULL);
INSERT INTO Lexeme (id, word_id, definition, example, example_meaning, source) VALUES ('0ff2caea-1088-468b-8f33-8ac6d5d565e0', '42c86e37-16f3-493d-9cd2-c3d93b538f9f', 'handlingen att abstrahera', NULL, NULL, 'lexin-swe'), ('15fdf9b9-01f0-4e43-b252-16d05a6ce8e2', '42c86e37-16f3-493d-9cd2-c3d93b538f9f', 'skapelse av tanken, tankekonstruktion', 'den fria viljan är en ren abstraktion', NULL, 'lexin-swe'), ('069c36b9-5630-47f3-8ba5-838b9f0314e1', '42c86e37-16f3-493d-9cd2-c3d93b538f9f', 'the act of abstraction', NULL, NULL, 'folkets-lexikon'), ('f593b889-f16d-4e1a-8f5a-33d02e353e6f', '42c86e37-16f3-493d-9cd2-c3d93b538f9f', 'a product of thought; a general idea or term', NULL, NULL, 'folkets-lexikon');
INSERT INTO Word (id, lemma, part_of_speech, phonetic, phonetic_voice, phonetic_url) VALUES ('c3673161-ee27-4d53-a688-81475fb52569', 'av', 'adv.', 'a:v', NULL, 'https://lexin.nada.kth.se/sound/v2/108941_1.mp3');
INSERT INTO WordIndex (id, word_id, spell, form) VALUES ('6c0f9045-f458-4393-8e38-42c522130ddf', 'c3673161-ee27-4d53-a688-81475fb52569', 'av', NULL);
INSERT INTO Lexeme (id, word_id, definition, example, example_meaning, source) VALUES ('4e2c16a3-1818-44d5-a47f-accbd07b1c96', 'c3673161-ee27-4d53-a688-81475fb52569', 'anger avbrott i ett förlopp', 'domaren blåste av matchen', NULL, 'lexin-swe'), ('7af162c2-ada3-4c67-9af2-cfeca54c55ac', 'c3673161-ee27-4d53-a688-81475fb52569', 'anger bortskaffande, utskiljande', 'han dukade av bordet', NULL, 'lexin-swe'), ('ebab5ff1-f3d6-4819-ad29-2e285e857fb7', 'c3673161-ee27-4d53-a688-81475fb52569', 'anger efterbildning', 'han skrev av handskriften', NULL, 'lexin-swe'), ('fe54af8c-d64d-423f-911b-96b5291d69f5', 'c3673161-ee27-4d53-a688-81475fb52569', 'i vissa uttryck', NULL, NULL, 'lexin-swe'), ('d6001a24-1cfd-438e-acc2-8d603de4211b', 'c3673161-ee27-4d53-a688-81475fb52569', 'off', 'stänga av en kran', 'turn off a tap', 'folkets-lexikon'), ('3cce1b66-91c1-4725-8e72-3c45e78f934c', 'c3673161-ee27-4d53-a688-81475fb52569', 'off', 'ta av sig skorna', 'take off one&#39;s shoes', 'folkets-lexikon'), ('0ec69bbb-11a0-41cf-85b8-32fc84278bbd', 'c3673161-ee27-4d53-a688-81475fb52569', 'off, down', 'skriva av', 'transcribe, copy (off)', 'folkets-lexikon');
INSERT INTO Word (id, lemma, part_of_speech, phonetic, phonetic_voice, phonetic_url) VALUES ('aa06db0a-a4a2-4925-97a3-c37b89e211e0', 'av', 'prep.', 'a:v', NULL, 'https://lexin.nada.kth.se/sound/v2/108934_1.mp3');
INSERT INTO WordIndex (id, word_id, spell, form) VALUES ('f64f877e-8e89-4677-b118-00f3e8c91d12', 'aa06db0a-a4a2-4925-97a3-c37b89e211e0', 'av', NULL);
INSERT INTO Lexeme (id, word_id, definition, example, example_meaning, source) VALUES ('57a3adda-ac1e-446f-a6b8-862fb20a7954', 'aa06db0a-a4a2-4925-97a3-c37b89e211e0', 'anger upphov till något', 'tavlan är målad av Chagall', NULL, 'lexin-swe'), ('0b75e635-5c70-4f6f-8bc4-194d4454ffcf', 'aa06db0a-a4a2-4925-97a3-c37b89e211e0', 'anger ursprung i tid och rum', 'i början av 50-talet', NULL, 'lexin-swe'), ('f298490a-4ab7-4bc7-be7a-785b8195d6eb', 'aa06db0a-a4a2-4925-97a3-c37b89e211e0', 'om material, ämne', 'bordet är av björk', NULL, 'lexin-swe'), ('02b729a5-4817-45d8-91bb-a10581774b7f', 'aa06db0a-a4a2-4925-97a3-c37b89e211e0', 'beträffande, med avseende på', 'uthyrning av lägenheter', NULL, 'lexin-swe'), ('14534d75-e8e0-4584-8a88-b21869dbdd45', 'aa06db0a-a4a2-4925-97a3-c37b89e211e0', 'by', 'av en slump', 'by chance', 'folkets-lexikon'), ('1ebd0f32-a5e7-4a44-9c2d-f3434536c954', 'aa06db0a-a4a2-4925-97a3-c37b89e211e0', 'at', 'i början av 50-talet', 'at the beginning of the fifties', 'folkets-lexikon'), ('3feb1222-7593-462c-a3c2-ddb7bb5f30cd', 'aa06db0a-a4a2-4925-97a3-c37b89e211e0', 'of', 'bordet är av björk', 'the table is (made) of birch', 'folkets-lexikon'), ('05215467-15bd-4e7d-a10c-076fe19792b9', 'aa06db0a-a4a2-4925-97a3-c37b89e211e0', 'concerning, regarding', 'uthyrning av lägenheter', 'letting of flats', 'folkets-lexikon');
INSERT INTO Word (id, lemma, part_of_speech, phonetic, phonetic_voice, phonetic_url) VALUES ('fd214ee6-f83b-4865-bc62-77ec30655ce7', 'barn', 'subst.', 'ba:r‿n', NULL, 'https://lexin.nada.kth.se/sound/v2/113976_1.mp3');
INSERT INTO WordIndex (id, word_id, spell, form) VALUES ('c63166a0-a83b-4667-b9d8-d5abb88eeb9b', 'fd214ee6-f83b-4865-bc62-77ec30655ce7', 'barn', 'obest.f.pl.'), ('f50db2ce-1226-4977-b8ac-8558a0216dbc', 'fd214ee6-f83b-4865-bc62-77ec30655ce7', 'barn', 'obest.f.sing.'), ('04325587-9b83-4592-b760-6d4e4a8e084c', 'fd214ee6-f83b-4865-bc62-77ec30655ce7', 'barnet', 'best.f.sing.'), ('cecbcd45-d658-4659-a799-ef2cc2e885bf', 'fd214ee6-f83b-4865-bc62-77ec30655ce7', 'barnen', 'best.f.pl.'), ('884e70fd-9439-43d7-a3b4-63bae6b57d1e', 'fd214ee6-f83b-4865-bc62-77ec30655ce7', 'barns', NULL), ('efdbcb1e-3dee-457d-aabe-461555828df8', 'fd214ee6-f83b-4865-bc62-77ec30655ce7', 'barnets', NULL), ('54570b51-f2b5-44bd-80c8-6908fa5478c5', 'fd214ee6-f83b-4865-bc62-77ec30655ce7', 'barnens', NULL), ('9764d978-d17d-4fd9-9690-30899974318b', 'fd214ee6-f83b-4865-bc62-77ec30655ce7', 'barnbok', NULL), ('ddf92780-da52-4b3f-9073-73472a966b74', 'fd214ee6-f83b-4865-bc62-77ec30655ce7', 'barnboks', NULL), ('14ba549e-4d5c-4d75-a0f8-4c2471fadd04', 'fd214ee6-f83b-4865-bc62-77ec30655ce7', 'barnboken', NULL), ('2304750d-ac7b-42be-99d6-32931327f8d5', 'fd214ee6-f83b-4865-bc62-77ec30655ce7', 'barnbokens', NULL), ('18319640-400f-42a5-9f9a-68cb7f8120ac', 'fd214ee6-f83b-4865-bc62-77ec30655ce7', 'barnböcker', NULL), ('a05f832a-d42e-483b-8584-0ec10e769a28', 'fd214ee6-f83b-4865-bc62-77ec30655ce7', 'barnböckers', NULL), ('a73b7896-3d4c-4278-865a-82403c7edb09', 'fd214ee6-f83b-4865-bc62-77ec30655ce7', 'barnböckerna', NULL), ('b00963e4-10a8-4b1d-8bdc-042f370387d4', 'fd214ee6-f83b-4865-bc62-77ec30655ce7', 'barnböckernas', NULL), ('b60d1086-fd88-45d7-9d30-be745f9c81c9', 'fd214ee6-f83b-4865-bc62-77ec30655ce7', 'bok', NULL), ('438d6e02-860c-4581-ae00-f8a1c99e4a71', 'fd214ee6-f83b-4865-bc62-77ec30655ce7', 'boks', NULL), ('2c4df64d-eff2-4c71-a5de-3c9b40699b52', 'fd214ee6-f83b-4865-bc62-77ec30655ce7', 'boken', NULL), ('bbf0a2d6-ede7-4ad5-9412-511abbb01d1f', 'fd214ee6-f83b-4865-bc62-77ec30655ce7', 'bokens', NULL), ('834c542f-41fc-4eb6-9514-727a3100d8c6', 'fd214ee6-f83b-4865-bc62-77ec30655ce7', 'böcker', NULL), ('d1098c63-b786-4ccd-97db-6a5334c2cbd1', 'fd214ee6-f83b-4865-bc62-77ec30655ce7', 'böckers', NULL), ('04cff79a-962b-489a-9fd7-98861fb39962', 'fd214ee6-f83b-4865-bc62-77ec30655ce7', 'böckerna', NULL), ('fa676fe7-5978-495a-891e-b5b0ad7bd676', 'fd214ee6-f83b-4865-bc62-77ec30655ce7', 'böckernas', NULL), ('be280f05-6af6-4e9e-a735-cdecbb517647', 'fd214ee6-f83b-4865-bc62-77ec30655ce7', 'barnvänlig', NULL), ('916d3630-6050-4ab9-8b89-a7baebe592e6', 'fd214ee6-f83b-4865-bc62-77ec30655ce7', 'barnvänligt', NULL), ('748471ab-c043-4838-8a6c-ef0f65900c59', 'fd214ee6-f83b-4865-bc62-77ec30655ce7', 'barnvänliga', NULL), ('6da90b3a-af13-47fa-ad87-4b9787898a80', 'fd214ee6-f83b-4865-bc62-77ec30655ce7', 'barnvänligare', NULL), ('f59d4c6b-8331-4a9a-9759-9c032cc4bac0', 'fd214ee6-f83b-4865-bc62-77ec30655ce7', 'barnvänligast', NULL), ('99714e7a-6d1f-4525-b554-1a83b4c4d0fe', 'fd214ee6-f83b-4865-bc62-77ec30655ce7', 'barnvänligaste', NULL), ('2bc12dde-7f36-4b72-bf56-686e7f794174', 'fd214ee6-f83b-4865-bc62-77ec30655ce7', 'vänlig', NULL), ('bce51d68-e6e1-4b85-810e-888d5454ddda', 'fd214ee6-f83b-4865-bc62-77ec30655ce7', 'vänligt', NULL), ('c2e4e496-97e9-48db-a734-b9608472af43', 'fd214ee6-f83b-4865-bc62-77ec30655ce7', 'vänliga', NULL), ('b6c911ac-d274-46c7-85ef-bebb60ad7fca', 'fd214ee6-f83b-4865-bc62-77ec30655ce7', 'vänligare', NULL), ('bbd8ec9f-bbbd-45d7-a59e-3041d248e0a9', 'fd214ee6-f83b-4865-bc62-77ec30655ce7', 'vänligast', NULL), ('24df1f56-544a-4d2f-a046-1c371c99076c', 'fd214ee6-f83b-4865-bc62-77ec30655ce7', 'vänligaste', NULL), ('1565d7ed-3b3e-4b2d-8305-13bfc475b391', 'fd214ee6-f83b-4865-bc62-77ec30655ce7', 'barnledig', NULL), ('f730c25b-f799-4c7d-905f-4cf8d65ae3a9', 'fd214ee6-f83b-4865-bc62-77ec30655ce7', 'barnledigt', NULL), ('b4452f99-aba2-464c-858b-e024ec6ef308', 'fd214ee6-f83b-4865-bc62-77ec30655ce7', 'barnlediga', NULL), ('ad05a823-3bc5-4694-9e6f-8777adb0f91c', 'fd214ee6-f83b-4865-bc62-77ec30655ce7', 'barnledige', NULL), ('157f3246-2e4d-418e-875a-0e3bf3649549', 'fd214ee6-f83b-4865-bc62-77ec30655ce7', 'ledig', NULL), ('f16ce284-6ad1-4d78-a0d3-d3084129b67b', 'fd214ee6-f83b-4865-bc62-77ec30655ce7', 'ledigt', NULL), ('397ff2a9-2dfe-4c72-9fe3-067123ac8e5d', 'fd214ee6-f83b-4865-bc62-77ec30655ce7', 'lediga', NULL), ('a77500d1-1c47-4e64-bd1f-984c0ed6e95e', 'fd214ee6-f83b-4865-bc62-77ec30655ce7', 'ledige', NULL);
INSERT INTO Lexeme (id, word_id, definition, example, example_meaning, source) VALUES ('9a3b1d58-192e-49d8-806c-f4f91be4f786', 'fd214ee6-f83b-4865-bc62-77ec30655ce7', 'människa som inte är vuxen (från födseln och cirka 10 år framåt)', 'barnen gick tillsammans till skolan', NULL, 'lexin-swe'), ('e26028f7-5483-4e8e-9c0c-3c4a12fd441f', 'fd214ee6-f83b-4865-bc62-77ec30655ce7', 'young person, esp. between infancy and youth; sby&#39;s son or daughter', 'passa barn', 'look after (mind) children', 'folkets-lexikon');
INSERT INTO Word (id, lemma, part_of_speech, phonetic, phonetic_voice, phonetic_url) VALUES ('f2051780-22cf-40b7-b867-6e0313cc275e', 'barn|barn', 'subst.', '²bạ:r‿nba:r‿n', NULL, 'https://lexin.nada.kth.se/sound/v2/114082_1.mp3');
INSERT INTO WordIndex (id, word_id, spell, form) VALUES ('a140cc53-d1d8-414f-9f72-11e66ca31993', 'f2051780-22cf-40b7-b867-6e0313cc275e', 'barnbarn', 'obest.f.pl.'), ('2a05695e-66db-4a70-8fb1-6bde2908284d', 'f2051780-22cf-40b7-b867-6e0313cc275e', 'barnbarn', 'obest.f.sing.'), ('ff5da74a-372c-4df0-bedb-e28afbcd4af3', 'f2051780-22cf-40b7-b867-6e0313cc275e', 'barnbarnet', 'best.f.sing.'), ('fe3e5361-7631-437d-b87d-19d55fd65b53', 'f2051780-22cf-40b7-b867-6e0313cc275e', 'barnbarnen', 'best.f.pl.'), ('ad93a498-830c-415e-8775-3e03efc83fda', 'f2051780-22cf-40b7-b867-6e0313cc275e', 'barnbarns', NULL), ('2c346d5a-6c23-4e6f-9451-81b575c2e949', 'f2051780-22cf-40b7-b867-6e0313cc275e', 'barnbarnets', NULL), ('18e43316-a9c7-4779-939b-58ca967dddd3', 'f2051780-22cf-40b7-b867-6e0313cc275e', 'barnbarnens', NULL), ('e386e54c-c8c8-4959-8b14-3740cb21064d', 'f2051780-22cf-40b7-b867-6e0313cc275e', 'barnbarnsbarn', NULL), ('9ffd6a99-e353-4642-854d-fd70bb2d7e6c', 'f2051780-22cf-40b7-b867-6e0313cc275e', 'barnbarnsbarns', NULL), ('aa82be60-6626-4c31-9dc8-fab16b04d20b', 'f2051780-22cf-40b7-b867-6e0313cc275e', 'barnbarnsbarnet', NULL), ('f7b2c763-e532-44bd-98ae-b6c9899702e5', 'f2051780-22cf-40b7-b867-6e0313cc275e', 'barnbarnsbarnets', NULL), ('c27a8d39-1f4f-4820-86d5-6af2b884faa8', 'f2051780-22cf-40b7-b867-6e0313cc275e', 'barnbarnsbarnen', NULL), ('84135201-ed9e-41fe-91ee-918cae025d8e', 'f2051780-22cf-40b7-b867-6e0313cc275e', 'barnbarnsbarnens', NULL), ('e5be565f-48e6-495b-8c6b-3458aa68e507', 'f2051780-22cf-40b7-b867-6e0313cc275e', 'barn', NULL), ('832e5e4d-5308-461d-a276-235174efa084', 'f2051780-22cf-40b7-b867-6e0313cc275e', 'barns', NULL), ('6834ded8-9bab-41f7-b8a7-5c0079fdcabd', 'f2051780-22cf-40b7-b867-6e0313cc275e', 'barnet', NULL), ('fe888441-3a49-4947-81d1-fcadede197a4', 'f2051780-22cf-40b7-b867-6e0313cc275e', 'barnets', NULL), ('4f241a8d-f774-4a7d-95a8-382ea2c8971c', 'f2051780-22cf-40b7-b867-6e0313cc275e', 'barnen', NULL), ('72e17dc6-446f-491d-b803-d29748e61900', 'f2051780-22cf-40b7-b867-6e0313cc275e', 'barnens', NULL);
INSERT INTO Lexeme (id, word_id, definition, example, example_meaning, source) VALUES ('e6d8fd57-5571-4b2d-a537-f775776e8c7a', 'f2051780-22cf-40b7-b867-6e0313cc275e', 'barn till någons barn', 'farmor hjälper gärna till och passar barnbarnen', NULL, 'lexin-swe'), ('8cee5346-a6a0-4280-bad1-78805674d6fc', 'f2051780-22cf-40b7-b867-6e0313cc275e', 'the child of sby&#39;s child', NULL, NULL, 'folkets-lexikon');
INSERT INTO Word (id, lemma, part_of_speech, phonetic, phonetic_voice, phonetic_url) VALUES ('510d9b80-f1a4-4df8-b6d6-69b8682df6cb', 'begränsning', 'subst.', 'begrẹn:sniŋ', NULL, 'https://lexin.nada.kth.se/sound/v2/115478_1.mp3');
INSERT INTO WordIndex (id, word_id, spell, form) VALUES ('3551edb6-fe42-4958-822d-a8183fe04056', '510d9b80-f1a4-4df8-b6d6-69b8682df6cb', 'begränsning', 'obest.f.sing.'), ('8d911e66-5e4d-4ae3-a7ca-ccf638962efa', '510d9b80-f1a4-4df8-b6d6-69b8682df6cb', 'begränsningen', 'best.f.sing.'), ('5bcf999e-454e-435c-80f5-5f289c560a10', '510d9b80-f1a4-4df8-b6d6-69b8682df6cb', 'begränsningar', 'obest.f.pl.'), ('a70c9be7-3130-4da4-8cd6-6ea17b6d2561', '510d9b80-f1a4-4df8-b6d6-69b8682df6cb', 'begränsningarna', 'best.f.pl.'), ('615a445e-ce58-4f2c-a72e-eeac0736663c', '510d9b80-f1a4-4df8-b6d6-69b8682df6cb', 'begränsnings', NULL), ('ef50fbb9-5f3e-4860-96f8-f31b2a7744d7', '510d9b80-f1a4-4df8-b6d6-69b8682df6cb', 'begränsningens', NULL), ('b75203e0-8222-4440-b187-3c7e6fc127ee', '510d9b80-f1a4-4df8-b6d6-69b8682df6cb', 'begränsningars', NULL), ('1de0e02a-f814-4ac9-80f4-cb660014bc34', '510d9b80-f1a4-4df8-b6d6-69b8682df6cb', 'begränsningarnas', NULL), ('3e01b75b-694b-49ae-b927-d30aea7f6601', '510d9b80-f1a4-4df8-b6d6-69b8682df6cb', 'barnbegränsning', NULL), ('d63bb368-2f90-4d3f-bbf8-85212b15c3f1', '510d9b80-f1a4-4df8-b6d6-69b8682df6cb', 'barnbegränsnings', NULL), ('23e01608-dfcf-4bd2-9cd0-2b8f40535010', '510d9b80-f1a4-4df8-b6d6-69b8682df6cb', 'barnbegränsningen', NULL), ('defda087-958f-4e91-9481-e6d72f6588d0', '510d9b80-f1a4-4df8-b6d6-69b8682df6cb', 'barnbegränsningens', NULL), ('4855282b-9d85-4947-9dc7-565b963c212f', '510d9b80-f1a4-4df8-b6d6-69b8682df6cb', 'barnbegränsningar', NULL), ('bad6e214-2b56-4b83-908c-b12866633545', '510d9b80-f1a4-4df8-b6d6-69b8682df6cb', 'barnbegränsningars', NULL), ('d8eff41d-e724-4d26-a7e0-6db5814e44eb', '510d9b80-f1a4-4df8-b6d6-69b8682df6cb', 'barnbegränsningarna', NULL), ('c2b0eb2a-bfee-4daf-93f2-1555507609bd', '510d9b80-f1a4-4df8-b6d6-69b8682df6cb', 'barnbegränsningarnas', NULL), ('4bc1f993-a8d2-45c1-bcbb-c7fe2e4b5d9b', '510d9b80-f1a4-4df8-b6d6-69b8682df6cb', 'barn', NULL), ('eb56c0c4-ecb2-498c-85a7-5ad9f0b78192', '510d9b80-f1a4-4df8-b6d6-69b8682df6cb', 'fartbegränsning', NULL), ('373e22e6-0886-4b83-895f-f605cc3bd1ab', '510d9b80-f1a4-4df8-b6d6-69b8682df6cb', 'fartbegränsnings', NULL), ('138bf391-2ff5-497d-807a-6fa255f7f486', '510d9b80-f1a4-4df8-b6d6-69b8682df6cb', 'fartbegränsningen', NULL), ('147c683c-2ed2-42b1-bec4-d370a454026b', '510d9b80-f1a4-4df8-b6d6-69b8682df6cb', 'fartbegränsningens', NULL), ('d6c2c422-5201-4238-97db-d9b49aa9b6a4', '510d9b80-f1a4-4df8-b6d6-69b8682df6cb', 'fartbegränsningar', NULL), ('efa45e6e-e4bb-4461-8166-ec0f698731ec', '510d9b80-f1a4-4df8-b6d6-69b8682df6cb', 'fartbegränsningars', NULL), ('86904793-9522-460d-8dd0-2591456a45c4', '510d9b80-f1a4-4df8-b6d6-69b8682df6cb', 'fartbegränsningarna', NULL), ('8de9a769-e672-4c2e-ad16-2ead87f8ef6b', '510d9b80-f1a4-4df8-b6d6-69b8682df6cb', 'fartbegränsningarnas', NULL), ('709f44d7-6de7-4b99-a8aa-b4b7a36ebe7b', '510d9b80-f1a4-4df8-b6d6-69b8682df6cb', 'fart', NULL), ('850139e7-1034-4177-bc4d-12231218cee8', '510d9b80-f1a4-4df8-b6d6-69b8682df6cb', 'tidsbegränsning', NULL), ('c194520b-e966-4dfd-a870-9913c23c5373', '510d9b80-f1a4-4df8-b6d6-69b8682df6cb', 'tidsbegränsnings', NULL), ('c72df38e-9e06-4a41-bdce-75fc807dd885', '510d9b80-f1a4-4df8-b6d6-69b8682df6cb', 'tidsbegränsningen', NULL), ('b6ea70ed-223f-4b0a-b4dc-8016758afecd', '510d9b80-f1a4-4df8-b6d6-69b8682df6cb', 'tidsbegränsningens', NULL), ('669d5b9b-3f5a-4326-b32f-f42d8225c48d', '510d9b80-f1a4-4df8-b6d6-69b8682df6cb', 'tidsbegränsningar', NULL), ('726b3514-ef11-4c5b-944a-b6d5e6adf3b6', '510d9b80-f1a4-4df8-b6d6-69b8682df6cb', 'tidsbegränsningars', NULL), ('30795acf-a2cf-4749-9d57-c1a7b5b3c19e', '510d9b80-f1a4-4df8-b6d6-69b8682df6cb', 'tidsbegränsningarna', NULL), ('df5d09a8-baaf-45a8-9654-f80ea10174a7', '510d9b80-f1a4-4df8-b6d6-69b8682df6cb', 'tidsbegränsningarnas', NULL), ('fbfafed3-31a6-4848-be07-3a5ddfbfd01c', '510d9b80-f1a4-4df8-b6d6-69b8682df6cb', 'tids', NULL);
INSERT INTO Lexeme (id, word_id, definition, example, example_meaning, source) VALUES ('0f2b0939-d3a4-411b-8286-12fb4651f513', '510d9b80-f1a4-4df8-b6d6-69b8682df6cb', 'inskränkning; gräns', 'han är en bra spelare, men han har vissa begränsningar', NULL, 'lexin-swe'), ('8188c959-6b87-46e1-ba86-0fe2769faeee', '510d9b80-f1a4-4df8-b6d6-69b8682df6cb', 'bounds, restriction, scope, limitation', 'begränsning av friheten', 'restriction of liberty', 'folkets-lexikon');
INSERT INTO Word (id, lemma, part_of_speech, phonetic, phonetic_voice, phonetic_url) VALUES ('df56a876-5cb6-4b63-a426-f713c9fa872c', 'bok', 'subst.', 'bo:k', NULL, 'https://lexin.nada.kth.se/sound/v2/122308_1.mp3');
INSERT INTO WordIndex (id, word_id, spell, form) VALUES ('b9b7b988-9874-49c4-a5d7-740adaf4c0f5', 'df56a876-5cb6-4b63-a426-f713c9fa872c', 'bok', 'obest.f.sing.'), ('4617952c-684f-4c7c-9a28-cb114e9863c9', 'df56a876-5cb6-4b63-a426-f713c9fa872c', 'boken', 'best.f.sing.'), ('2ea3347f-02b3-4532-9ab7-3fbc31bd5cb0', 'df56a876-5cb6-4b63-a426-f713c9fa872c', 'böcker', 'obest.f.pl.'), ('19dfeb64-6b60-4aed-b1a6-4f27d2bbd962', 'df56a876-5cb6-4b63-a426-f713c9fa872c', 'böckerna', 'best.f.pl.'), ('30897124-7302-44ed-8a0a-23382639f7a5', 'df56a876-5cb6-4b63-a426-f713c9fa872c', 'boks', NULL), ('1696b51c-a24b-413f-9e7e-ce435fdc0ff3', 'df56a876-5cb6-4b63-a426-f713c9fa872c', 'bokens', NULL), ('4f6b3c70-2311-4823-879c-72ef0592f749', 'df56a876-5cb6-4b63-a426-f713c9fa872c', 'böckers', NULL), ('8371b9ba-e1ff-4553-84e1-e8fa1e48e751', 'df56a876-5cb6-4b63-a426-f713c9fa872c', 'böckernas', NULL), ('77da68aa-77b7-488b-9dfc-0bfd4800e753', 'df56a876-5cb6-4b63-a426-f713c9fa872c', 'bokanmälan', NULL), ('98944e29-e35b-43b6-8047-9c5d8e830308', 'df56a876-5cb6-4b63-a426-f713c9fa872c', 'bokanmälans', NULL), ('93cf79a6-c175-4cc9-8eca-92118e995791', 'df56a876-5cb6-4b63-a426-f713c9fa872c', 'bokanmälningar', NULL), ('2821dcbb-4bcd-4868-b538-fab404622377', 'df56a876-5cb6-4b63-a426-f713c9fa872c', 'bokanmälningars', NULL), ('94f5e047-a09a-4620-a632-b8309890be65', 'df56a876-5cb6-4b63-a426-f713c9fa872c', 'bokanmälningarna', NULL), ('ad91147d-fda1-4c9f-aa7b-06e5951cc57c', 'df56a876-5cb6-4b63-a426-f713c9fa872c', 'bokanmälningarnas', NULL), ('392dddd5-18a7-42ae-8952-1feece3b4a22', 'df56a876-5cb6-4b63-a426-f713c9fa872c', 'anmälan', NULL), ('bdf8dde9-7d4d-42b9-9ad6-111112c15b45', 'df56a876-5cb6-4b63-a426-f713c9fa872c', 'anmälans', NULL), ('a2a89b54-e068-4107-8539-240a923d2685', 'df56a876-5cb6-4b63-a426-f713c9fa872c', 'anmälningar', NULL), ('756d82a1-aa35-41e4-9546-ddf02992b4af', 'df56a876-5cb6-4b63-a426-f713c9fa872c', 'anmälningars', NULL), ('2a3e0de9-e9ec-437a-8a3b-c9a62908c9cf', 'df56a876-5cb6-4b63-a426-f713c9fa872c', 'anmälningarna', NULL), ('7ff698ab-a5e9-4561-b035-4c094f6de459', 'df56a876-5cb6-4b63-a426-f713c9fa872c', 'anmälningarnas', NULL), ('0c6388ff-2ae0-4462-9d67-e4c543b4848d', 'df56a876-5cb6-4b63-a426-f713c9fa872c', 'bokförlag', NULL), ('86259ac5-9ad6-403c-842b-dfa830fcac10', 'df56a876-5cb6-4b63-a426-f713c9fa872c', 'bokförlags', NULL), ('e26d018f-81c2-4af5-ad4c-fa963919ed32', 'df56a876-5cb6-4b63-a426-f713c9fa872c', 'bokförlaget', NULL), ('68511f64-9671-482a-af63-61b9b039b70f', 'df56a876-5cb6-4b63-a426-f713c9fa872c', 'bokförlagets', NULL), ('c55d5fce-dc64-4515-988e-3d4d11832095', 'df56a876-5cb6-4b63-a426-f713c9fa872c', 'bokförlagen', NULL), ('e39cc396-55e9-40f0-b1a7-ab3bbc440186', 'df56a876-5cb6-4b63-a426-f713c9fa872c', 'bokförlagens', NULL), ('dbbb2523-3b7c-4fc7-b11a-b8ea1e175598', 'df56a876-5cb6-4b63-a426-f713c9fa872c', 'förlag', NULL), ('02188204-7479-4c0b-91f9-f2979ac84beb', 'df56a876-5cb6-4b63-a426-f713c9fa872c', 'förlags', NULL), ('7db25c19-0a88-483c-8bfa-5357def2f589', 'df56a876-5cb6-4b63-a426-f713c9fa872c', 'förlaget', NULL), ('73535ed6-a612-4a49-90db-8a5dd1632ce8', 'df56a876-5cb6-4b63-a426-f713c9fa872c', 'förlagets', NULL), ('62f47c65-c7c2-43a6-9583-7f33aaecaef1', 'df56a876-5cb6-4b63-a426-f713c9fa872c', 'förlagen', NULL), ('d2b6cad1-ea0c-48a5-bf97-dff78ba7349a', 'df56a876-5cb6-4b63-a426-f713c9fa872c', 'förlagens', NULL), ('d7495c12-dde1-4da7-a036-8588cb23eb72', 'df56a876-5cb6-4b63-a426-f713c9fa872c', 'bokhandel', NULL), ('60c4497f-25a6-43e6-9062-e61e8422c2b8', 'df56a876-5cb6-4b63-a426-f713c9fa872c', 'bokhandels', NULL), ('98a9c09a-cd9b-4d7b-afbc-0873b0e55f87', 'df56a876-5cb6-4b63-a426-f713c9fa872c', 'bokhandeln', NULL), ('5da746a6-6497-495d-9365-14797ee6cdd2', 'df56a876-5cb6-4b63-a426-f713c9fa872c', 'bokhandelns', NULL), ('663f9547-7608-4cfb-8a0d-3757b5c8a66c', 'df56a876-5cb6-4b63-a426-f713c9fa872c', 'bokhandlar', NULL), ('64e2ae58-cc4a-4b62-95b2-c346e07d7b02', 'df56a876-5cb6-4b63-a426-f713c9fa872c', 'bokhandlars', NULL), ('51419410-774f-40f8-af03-0a22a699d31a', 'df56a876-5cb6-4b63-a426-f713c9fa872c', 'bokhandlarna', NULL), ('d7743f3a-0ed0-476d-885e-3d3ef0457992', 'df56a876-5cb6-4b63-a426-f713c9fa872c', 'bokhandlarnas', NULL), ('9084ce7b-fe1d-4a01-904e-0d7311c81b28', 'df56a876-5cb6-4b63-a426-f713c9fa872c', 'handel', NULL), ('11f8b86c-f320-4d43-974e-9ce7170689fa', 'df56a876-5cb6-4b63-a426-f713c9fa872c', 'handels', NULL), ('4ee948d7-6048-4d67-9ce4-07be0b47641f', 'df56a876-5cb6-4b63-a426-f713c9fa872c', 'handeln', NULL), ('787a0c2f-3fd8-4b28-9154-4b8cd68a746a', 'df56a876-5cb6-4b63-a426-f713c9fa872c', 'handelns', NULL), ('f1df1839-2484-4d03-8c10-47bcd91a3374', 'df56a876-5cb6-4b63-a426-f713c9fa872c', 'handlar', NULL), ('332fd0a0-27a8-4786-9136-dab4d177c896', 'df56a876-5cb6-4b63-a426-f713c9fa872c', 'handlars', NULL), ('379b74ca-e3cf-4f14-8b80-1014b7bc28ff', 'df56a876-5cb6-4b63-a426-f713c9fa872c', 'handlarna', NULL), ('8152ca19-71b8-46f3-8980-8c6e4908fd07', 'df56a876-5cb6-4b63-a426-f713c9fa872c', 'handlarnas', NULL), ('5f16a69b-b5f4-4a78-83b7-7fb1ee296645', 'df56a876-5cb6-4b63-a426-f713c9fa872c', 'bokhylla', NULL), ('456f5138-481c-439f-b8fe-a2b4f7796e17', 'df56a876-5cb6-4b63-a426-f713c9fa872c', 'bokhyllas', NULL), ('3c715148-91ec-499c-ad04-9ba758bf7aef', 'df56a876-5cb6-4b63-a426-f713c9fa872c', 'bokhyllan', NULL), ('558a828e-f641-4e51-9441-e720cefe3dd4', 'df56a876-5cb6-4b63-a426-f713c9fa872c', 'bokhyllans', NULL), ('bb203119-dec7-46c5-bc89-7720363f8f81', 'df56a876-5cb6-4b63-a426-f713c9fa872c', 'bokhyllor', NULL), ('ecfc7380-406b-4052-96bf-33bac93941e1', 'df56a876-5cb6-4b63-a426-f713c9fa872c', 'bokhyllors', NULL), ('45cda52c-c9d8-4496-bb89-a8e21a4e5577', 'df56a876-5cb6-4b63-a426-f713c9fa872c', 'bokhyllorna', NULL), ('6c2945a9-9d5d-4bbb-b80d-a83d5e3608e7', 'df56a876-5cb6-4b63-a426-f713c9fa872c', 'bokhyllornas', NULL), ('e573e621-5ba7-4ea7-8aeb-a11ba7f760e3', 'df56a876-5cb6-4b63-a426-f713c9fa872c', 'hylla', NULL), ('9931e0ba-bf79-4c68-9bd7-ff283412642e', 'df56a876-5cb6-4b63-a426-f713c9fa872c', 'hyllas', NULL), ('5a405f1a-f0b0-453d-a36f-8492fa3fb21a', 'df56a876-5cb6-4b63-a426-f713c9fa872c', 'hyllan', NULL), ('c89a27e3-dec3-486f-b664-001e0b7534f5', 'df56a876-5cb6-4b63-a426-f713c9fa872c', 'hyllans', NULL), ('3a15ab12-fa5b-4080-b979-6c5f39c3f76b', 'df56a876-5cb6-4b63-a426-f713c9fa872c', 'hyllor', NULL), ('43a6ab1a-cd30-4fdb-8019-ee39c432c30b', 'df56a876-5cb6-4b63-a426-f713c9fa872c', 'hyllors', NULL), ('3d6a9f3d-670a-4e4b-be8b-8fb31e48a0a3', 'df56a876-5cb6-4b63-a426-f713c9fa872c', 'hyllorna', NULL), ('db0a8a19-8b7d-4332-8af2-7b119f6b520a', 'df56a876-5cb6-4b63-a426-f713c9fa872c', 'hyllornas', NULL), ('b69c4b84-f68e-4b06-b4c0-ed46bbcb0eec', 'df56a876-5cb6-4b63-a426-f713c9fa872c', 'bokklubb', NULL), ('2b9a1684-a565-4aa2-b97f-a6f7075f6fad', 'df56a876-5cb6-4b63-a426-f713c9fa872c', 'bokklubbs', NULL), ('bc974d67-0da3-4432-84af-8b74e6f8bf86', 'df56a876-5cb6-4b63-a426-f713c9fa872c', 'bokklubben', NULL), ('5d7f06ea-a5fe-4cae-aa3c-dc0cd4517db0', 'df56a876-5cb6-4b63-a426-f713c9fa872c', 'bokklubbens', NULL), ('d2c07aae-fd8d-4e63-8ff9-f2fd37b28697', 'df56a876-5cb6-4b63-a426-f713c9fa872c', 'bokklubbar', NULL), ('5b57ff35-9d80-4e2d-a104-d690602f3556', 'df56a876-5cb6-4b63-a426-f713c9fa872c', 'bokklubbars', NULL), ('c959c42f-6eb4-42d5-b2b2-70c3a337fcd3', 'df56a876-5cb6-4b63-a426-f713c9fa872c', 'bokklubbarna', NULL), ('ab049193-a2b7-4a39-bb73-6c6f9964386a', 'df56a876-5cb6-4b63-a426-f713c9fa872c', 'bokklubbarnas', NULL), ('a63b6b28-c88d-453e-8f42-f3b2d7891a77', 'df56a876-5cb6-4b63-a426-f713c9fa872c', 'klubb', NULL), ('30f1fd0b-8e75-41a7-a9d1-88e40f3cf69d', 'df56a876-5cb6-4b63-a426-f713c9fa872c', 'klubbs', NULL), ('e976a11c-1a9d-42a9-9d75-1da6f3ad74d8', 'df56a876-5cb6-4b63-a426-f713c9fa872c', 'klubben', NULL), ('6cdeaf76-4445-4af5-8cf5-1d53add4d0c4', 'df56a876-5cb6-4b63-a426-f713c9fa872c', 'klubbens', NULL), ('7ca41ea8-c2a6-4caa-af60-20956db3463c', 'df56a876-5cb6-4b63-a426-f713c9fa872c', 'klubbar', NULL), ('0c344917-03e1-44d2-b3c7-d650833f4d78', 'df56a876-5cb6-4b63-a426-f713c9fa872c', 'klubbars', NULL), ('4cfc1721-730c-44a8-b690-7a80c67644c3', 'df56a876-5cb6-4b63-a426-f713c9fa872c', 'klubbarna', NULL), ('bac20bda-e35a-4fdc-a7bd-7a14b79c76b3', 'df56a876-5cb6-4b63-a426-f713c9fa872c', 'klubbarnas', NULL), ('d0f53184-7ed7-44f2-98dd-d22336e908ad', 'df56a876-5cb6-4b63-a426-f713c9fa872c', 'boksamling', NULL), ('904ee1be-27f3-474b-9a57-88c579b247e4', 'df56a876-5cb6-4b63-a426-f713c9fa872c', 'boksamlings', NULL), ('91c0781b-7f31-4675-8f1c-1f2d216fce92', 'df56a876-5cb6-4b63-a426-f713c9fa872c', 'boksamlingen', NULL), ('80bbe90a-9e52-4ca4-a113-cae5ac48e0df', 'df56a876-5cb6-4b63-a426-f713c9fa872c', 'boksamlingens', NULL), ('8403a750-4aae-4a84-a4b4-4fbe18ac9a0f', 'df56a876-5cb6-4b63-a426-f713c9fa872c', 'boksamlingar', NULL), ('b6608077-e8cd-44ae-ac22-33e0265c9ee6', 'df56a876-5cb6-4b63-a426-f713c9fa872c', 'boksamlingars', NULL), ('beae5760-c405-4c8a-ad69-61b1d843b5c3', 'df56a876-5cb6-4b63-a426-f713c9fa872c', 'boksamlingarna', NULL), ('afd06400-2532-4f06-9b9e-579243b22fe0', 'df56a876-5cb6-4b63-a426-f713c9fa872c', 'boksamlingarnas', NULL), ('6e840cfa-1de5-4180-9c33-85c9c491ed4d', 'df56a876-5cb6-4b63-a426-f713c9fa872c', 'samling', NULL), ('80d555f7-22ee-4961-b146-699fd55014f9', 'df56a876-5cb6-4b63-a426-f713c9fa872c', 'samlings', NULL), ('9c4942b0-9da5-49cb-ae8c-02c65a5ba8dd', 'df56a876-5cb6-4b63-a426-f713c9fa872c', 'samlingen', NULL), ('04974586-e4d4-487e-9dcc-a7921c93c0a3', 'df56a876-5cb6-4b63-a426-f713c9fa872c', 'samlingens', NULL), ('9646e886-d378-4abc-9768-4ff0f1ecae79', 'df56a876-5cb6-4b63-a426-f713c9fa872c', 'samlingar', NULL), ('dd1ca2fc-d02b-4168-8810-8f136a9401b7', 'df56a876-5cb6-4b63-a426-f713c9fa872c', 'samlingars', NULL), ('da2fe44c-6932-440d-ba6f-f56fb41d2025', 'df56a876-5cb6-4b63-a426-f713c9fa872c', 'samlingarna', NULL), ('947a548f-dba8-464d-ba4e-21e6c6b904f4', 'df56a876-5cb6-4b63-a426-f713c9fa872c', 'samlingarnas', NULL), ('4182780b-35be-48dd-9ae8-1d4db9d2fa63', 'df56a876-5cb6-4b63-a426-f713c9fa872c', 'barnbok', NULL), ('414ca545-a5fc-4630-bc6c-3698d602d076', 'df56a876-5cb6-4b63-a426-f713c9fa872c', 'barnboks', NULL), ('9a8611ab-0d53-4555-911f-56168e34fa12', 'df56a876-5cb6-4b63-a426-f713c9fa872c', 'barnboken', NULL), ('079c55c8-854a-4228-a433-6e16781ba938', 'df56a876-5cb6-4b63-a426-f713c9fa872c', 'barnbokens', NULL), ('ad527051-f5cd-48cf-83fa-b7811a10587a', 'df56a876-5cb6-4b63-a426-f713c9fa872c', 'barnböcker', NULL), ('dcb80dc0-a591-4fa1-b557-f4b8e4a83a38', 'df56a876-5cb6-4b63-a426-f713c9fa872c', 'barnböckers', NULL), ('605f99f7-7e6a-4a9e-971f-7398a7d0bbbe', 'df56a876-5cb6-4b63-a426-f713c9fa872c', 'barnböckerna', NULL), ('8b88124c-258d-4d2a-8257-7989f687fc77', 'df56a876-5cb6-4b63-a426-f713c9fa872c', 'barnböckernas', NULL), ('8b4bd2bf-ca55-4fa6-8a1d-b4b283d5dfe0', 'df56a876-5cb6-4b63-a426-f713c9fa872c', 'barn', NULL), ('29dc4a11-c93c-44ea-8105-a2a7a0e6ab2a', 'df56a876-5cb6-4b63-a426-f713c9fa872c', 'ordbok', NULL), ('ceb78a59-3e1f-4dfa-9df2-96e75ebaed30', 'df56a876-5cb6-4b63-a426-f713c9fa872c', 'ordboks', NULL), ('e977102f-73c7-41dd-907f-db2274662149', 'df56a876-5cb6-4b63-a426-f713c9fa872c', 'ordboken', NULL), ('110b00cc-1807-4b88-8f23-4e2672e74777', 'df56a876-5cb6-4b63-a426-f713c9fa872c', 'ordbokens', NULL), ('9f233de3-0f19-48f7-8d0b-3e46c9a7db53', 'df56a876-5cb6-4b63-a426-f713c9fa872c', 'ordböcker', NULL), ('3dab985e-6af9-48d7-ad18-0c9238239288', 'df56a876-5cb6-4b63-a426-f713c9fa872c', 'ordböckers', NULL), ('b6a7d366-4356-4be9-8d5b-3c6e34fce9ce', 'df56a876-5cb6-4b63-a426-f713c9fa872c', 'ordböckerna', NULL), ('5b4b588b-8654-4534-80fe-bb3906db9125', 'df56a876-5cb6-4b63-a426-f713c9fa872c', 'ordböckernas', NULL), ('c4a30a2d-09bf-47c1-ba1f-8556ece4cfdc', 'df56a876-5cb6-4b63-a426-f713c9fa872c', 'ord', NULL), ('2346a246-581f-4d37-9b04-c988914cc053', 'df56a876-5cb6-4b63-a426-f713c9fa872c', 'anteckningsbok', NULL), ('db0feb20-a437-49a5-9271-9a98286b73ee', 'df56a876-5cb6-4b63-a426-f713c9fa872c', 'anteckningsboks', NULL), ('b185763e-ceb1-4f7f-8868-540522d5a9c3', 'df56a876-5cb6-4b63-a426-f713c9fa872c', 'anteckningsboken', NULL), ('edbd3512-93a4-4104-afc4-6ba67b3e4602', 'df56a876-5cb6-4b63-a426-f713c9fa872c', 'anteckningsbokens', NULL), ('67b13a14-585d-446e-9e62-69cedc702195', 'df56a876-5cb6-4b63-a426-f713c9fa872c', 'anteckningsböcker', NULL), ('9a44f56a-9acf-4836-b396-c61269cda026', 'df56a876-5cb6-4b63-a426-f713c9fa872c', 'anteckningsböckers', NULL), ('b462f198-9145-4884-a11f-25d60932ea44', 'df56a876-5cb6-4b63-a426-f713c9fa872c', 'anteckningsböckerna', NULL), ('ed9da6ef-555d-4b74-9575-d9978cebaa15', 'df56a876-5cb6-4b63-a426-f713c9fa872c', 'anteckningsböckernas', NULL), ('87e58772-6e52-45dd-8e7b-fe2ba29e036d', 'df56a876-5cb6-4b63-a426-f713c9fa872c', 'antecknings', NULL);
INSERT INTO Lexeme (id, word_id, definition, example, example_meaning, source) VALUES ('d3c14eb2-13d9-4731-a51e-63046621d00f', 'df56a876-5cb6-4b63-a426-f713c9fa872c', 'tryckt skrift (2), volym (3), band (3)', 'boken kommer ut i morgon', NULL, 'lexin-swe'), ('d8d176c9-673c-40b0-9934-42f111b7aac0', 'df56a876-5cb6-4b63-a426-f713c9fa872c', 'samling häftade blad (2) för viss typ av uppgifter', NULL, NULL, 'lexin-swe'), ('c2e7517e-29b3-48f6-9048-d463f807d95b', 'df56a876-5cb6-4b63-a426-f713c9fa872c', 'the deciduous tree Fagus silvatica', NULL, NULL, 'folkets-lexikon'), ('71ec1f16-f44c-45e0-b112-7fd764ca2022', 'df56a876-5cb6-4b63-a426-f713c9fa872c', 'book', NULL, NULL, 'folkets-lexikon'), ('19f0ca02-f86e-4e2d-a0c5-c4549f1548e4', 'df56a876-5cb6-4b63-a426-f713c9fa872c', 'book', NULL, NULL, 'folkets-lexikon');
INSERT INTO Word (id, lemma, part_of_speech, phonetic, phonetic_voice, phonetic_url) VALUES ('d6e32fe5-f43d-491a-be1d-3019d254a811', 'cykel', 'subst.', 'sỵk:el', NULL, 'https://lexin.nada.kth.se/sound/v2/131692_1.mp3');
INSERT INTO WordIndex (id, word_id, spell, form) VALUES ('0bdf8e51-7bff-4c9d-806e-fb57d3bf4781', 'd6e32fe5-f43d-491a-be1d-3019d254a811', 'cykel', 'obest.f.sing.'), ('ed63f5b0-327f-41f6-8014-7149dbc828d9', 'd6e32fe5-f43d-491a-be1d-3019d254a811', 'cykeln', 'best.f.sing.'), ('35898996-a71d-4438-8600-bedf6c7ad3c8', 'd6e32fe5-f43d-491a-be1d-3019d254a811', 'cyklar', 'obest.f.pl.'), ('6eaba924-903b-4609-92a0-16caec754dfd', 'd6e32fe5-f43d-491a-be1d-3019d254a811', 'cyklarna', 'best.f.pl.'), ('d86bb512-c322-458d-a748-bf3ba0ff9e3d', 'd6e32fe5-f43d-491a-be1d-3019d254a811', 'cykels', NULL), ('4fd009c4-d0d3-4262-9cf0-2edadda4efe8', 'd6e32fe5-f43d-491a-be1d-3019d254a811', 'cykelns', NULL), ('d8ba71fe-eaca-4779-abca-a438cc8a63b1', 'd6e32fe5-f43d-491a-be1d-3019d254a811', 'cyklars', NULL), ('0dcdfea0-941e-46ce-8dec-2700cedb4b47', 'd6e32fe5-f43d-491a-be1d-3019d254a811', 'cyklarnas', NULL), ('a87790ae-9b84-473b-ac6e-ef4f6e9fc1a9', 'd6e32fe5-f43d-491a-be1d-3019d254a811', 'cykeldäck', NULL), ('39bd40fc-7391-4ad4-8257-a5fce7c0123d', 'd6e32fe5-f43d-491a-be1d-3019d254a811', 'cykeldäcks', NULL), ('78a74260-f27c-4d49-b175-f2a13e29f31e', 'd6e32fe5-f43d-491a-be1d-3019d254a811', 'cykeldäcket', NULL), ('34277166-f57c-4eb7-87ac-711b50dfbecf', 'd6e32fe5-f43d-491a-be1d-3019d254a811', 'cykeldäckets', NULL), ('0f151490-7f5d-499c-a9e8-7f5e8c92dc70', 'd6e32fe5-f43d-491a-be1d-3019d254a811', 'cykeldäcken', NULL), ('8f162d35-70ea-4b27-abc4-8210f9286258', 'd6e32fe5-f43d-491a-be1d-3019d254a811', 'cykeldäckens', NULL), ('8841daa6-2da5-4f84-9c92-a960a24f29ae', 'd6e32fe5-f43d-491a-be1d-3019d254a811', 'däck', NULL), ('adac7504-23f2-4142-8f74-cd06c596791e', 'd6e32fe5-f43d-491a-be1d-3019d254a811', 'däcks', NULL), ('051e173e-eae0-4501-92b2-868fb3f1095c', 'd6e32fe5-f43d-491a-be1d-3019d254a811', 'däcket', NULL), ('b644f8b9-7625-4afc-8fa9-90ef080b2cfb', 'd6e32fe5-f43d-491a-be1d-3019d254a811', 'däckets', NULL), ('4f76f9d3-bbbe-4f1e-8862-d1f0eef4cf24', 'd6e32fe5-f43d-491a-be1d-3019d254a811', 'däcken', NULL), ('7353d9ac-79fd-46da-ad7e-f4795bafcd2d', 'd6e32fe5-f43d-491a-be1d-3019d254a811', 'däckens', NULL), ('fe09461e-e71d-4a39-bbd4-14aef9c5e649', 'd6e32fe5-f43d-491a-be1d-3019d254a811', 'cykelhjälm', NULL), ('9a8e72af-3461-4b27-9d99-5d0a85e1516b', 'd6e32fe5-f43d-491a-be1d-3019d254a811', 'cykelhjälms', NULL), ('1649272b-4897-4252-b186-64e646572b35', 'd6e32fe5-f43d-491a-be1d-3019d254a811', 'cykelhjälmen', NULL), ('94dd0851-3cf8-4cab-be5d-9e482bca498e', 'd6e32fe5-f43d-491a-be1d-3019d254a811', 'cykelhjälmens', NULL), ('6a5b57c7-c251-469b-a380-ad28e035db56', 'd6e32fe5-f43d-491a-be1d-3019d254a811', 'cykelhjälmar', NULL), ('98601c04-380f-43bc-b0c3-0dbe2acd453e', 'd6e32fe5-f43d-491a-be1d-3019d254a811', 'cykelhjälmars', NULL), ('2a3293a3-c886-4bfa-84aa-dbf8901ad387', 'd6e32fe5-f43d-491a-be1d-3019d254a811', 'cykelhjälmarna', NULL), ('eafe03a3-6dfc-4908-b0d7-bcdb8b2fc572', 'd6e32fe5-f43d-491a-be1d-3019d254a811', 'cykelhjälmarnas', NULL), ('b67827c6-d361-4e1d-b5eb-fe9a46549c94', 'd6e32fe5-f43d-491a-be1d-3019d254a811', 'hjälm', NULL), ('59a9d6d4-5f3f-49b7-9875-0ae9a5d9b15d', 'd6e32fe5-f43d-491a-be1d-3019d254a811', 'hjälms', NULL), ('d7a1c900-eaf7-4706-9000-820b90dcb881', 'd6e32fe5-f43d-491a-be1d-3019d254a811', 'hjälmen', NULL), ('fab4ff62-414b-4b5f-8779-fd0d377a8337', 'd6e32fe5-f43d-491a-be1d-3019d254a811', 'hjälmens', NULL), ('7005b6fb-bbc0-4098-8905-c26c80f54fd9', 'd6e32fe5-f43d-491a-be1d-3019d254a811', 'hjälmar', NULL), ('22a4acfa-445b-4c58-80a3-7e4338e2d1e0', 'd6e32fe5-f43d-491a-be1d-3019d254a811', 'hjälmars', NULL), ('f8124043-1340-44c7-adff-d3f2953edbba', 'd6e32fe5-f43d-491a-be1d-3019d254a811', 'hjälmarna', NULL), ('fa108c2c-24ee-45e5-abfa-a1c1ead7b777', 'd6e32fe5-f43d-491a-be1d-3019d254a811', 'hjälmarnas', NULL), ('573bf42c-a909-4b7d-870b-35ed8946d5a3', 'd6e32fe5-f43d-491a-be1d-3019d254a811', 'barncykel', NULL), ('409d30b3-9b87-464a-865d-37b8d716aec1', 'd6e32fe5-f43d-491a-be1d-3019d254a811', 'barncykels', NULL), ('56cb6119-0432-4502-8287-f041d3520283', 'd6e32fe5-f43d-491a-be1d-3019d254a811', 'barncykeln', NULL), ('42870ea3-3ad6-4f17-bb41-29ee1327ddba', 'd6e32fe5-f43d-491a-be1d-3019d254a811', 'barncykelns', NULL), ('e7f3743e-e3fa-4587-8287-2377d659dc67', 'd6e32fe5-f43d-491a-be1d-3019d254a811', 'barncyklar', NULL), ('73e3fd21-730f-4e06-b4c9-87628313dc43', 'd6e32fe5-f43d-491a-be1d-3019d254a811', 'barncyklars', NULL), ('6146b316-e2a2-4a4a-9b42-3a0b5eb112ce', 'd6e32fe5-f43d-491a-be1d-3019d254a811', 'barncyklarna', NULL), ('ba589c22-8c42-439c-9326-c669c2c1dc4a', 'd6e32fe5-f43d-491a-be1d-3019d254a811', 'barncyklarnas', NULL), ('41366641-2bb8-4d07-acf4-71f9595ead89', 'd6e32fe5-f43d-491a-be1d-3019d254a811', 'barn', NULL), ('67a89fd6-42a9-4c4f-ad73-e55e8cb134ee', 'd6e32fe5-f43d-491a-be1d-3019d254a811', 'racercykel', NULL), ('7a6dd6d2-c324-4299-80ce-fbed653d3e51', 'd6e32fe5-f43d-491a-be1d-3019d254a811', 'racercykels', NULL), ('4500b2fd-64c9-484f-8b87-ebe5694b4f6c', 'd6e32fe5-f43d-491a-be1d-3019d254a811', 'racercykeln', NULL), ('b7f672a2-5765-453f-bb9e-9a2ebce13951', 'd6e32fe5-f43d-491a-be1d-3019d254a811', 'racercykelns', NULL), ('d62badf2-f963-4fa3-8bc6-44de7b85115b', 'd6e32fe5-f43d-491a-be1d-3019d254a811', 'racercyklar', NULL), ('60546e66-3206-422c-ad14-acd05ef3b2d4', 'd6e32fe5-f43d-491a-be1d-3019d254a811', 'racercyklars', NULL), ('032c0742-5349-4d9f-ae89-7585cb974bf1', 'd6e32fe5-f43d-491a-be1d-3019d254a811', 'racercyklarna', NULL), ('dddcf399-55d9-455e-a5e9-08313895ad5f', 'd6e32fe5-f43d-491a-be1d-3019d254a811', 'racercyklarnas', NULL), ('0aa59601-45f9-459d-b103-837a7b6a93b0', 'd6e32fe5-f43d-491a-be1d-3019d254a811', 'racer', NULL);
INSERT INTO Lexeme (id, word_id, definition, example, example_meaning, source) VALUES ('6f091255-ffdd-4cb9-9dea-80bbf419cbd4', 'd6e32fe5-f43d-491a-be1d-3019d254a811', 'ett fordon med två hjul och pedaler som man trampar fram', 'en cykel med fem växlar', NULL, 'lexin-swe'), ('e5f691c2-42b4-4778-9bb4-09e0820f6ce9', 'd6e32fe5-f43d-491a-be1d-3019d254a811', 'a two-wheeled, pedal-driven vehicle', NULL, NULL, 'folkets-lexikon'), ('b1e5f7f2-8234-4a17-a81b-417e0270ffac', 'd6e32fe5-f43d-491a-be1d-3019d254a811', 'run, sequence, series', 'månens cykler', 'lunar cycles', 'folkets-lexikon');
INSERT INTO Word (id, lemma, part_of_speech, phonetic, phonetic_voice, phonetic_url) VALUES ('69e5d891-9705-4431-b829-1be0bb792b00', 'dag|hem', 'subst.', '²dạ:ghem:', NULL, 'https://lexin.nada.kth.se/sound/v2/132073_1.mp3');
INSERT INTO WordIndex (id, word_id, spell, form) VALUES ('4224b2a7-38cc-47c3-ac0d-d62de7aa3fe3', '69e5d891-9705-4431-b829-1be0bb792b00', 'daghem', 'obest.f.pl.'), ('140878d2-edd2-4bfd-ab24-b7aae81787c0', '69e5d891-9705-4431-b829-1be0bb792b00', 'daghem', 'obest.f.sing.'), ('2a2c8779-277b-4a48-9bc0-fbd0669290d2', '69e5d891-9705-4431-b829-1be0bb792b00', 'daghemmet', 'best.f.sing.'), ('cf6b5fbd-d9d4-4107-9ee3-bc8d863b9ca8', '69e5d891-9705-4431-b829-1be0bb792b00', 'daghemmen', 'best.f.pl.'), ('7f9f32a0-ff99-43e7-af65-b758b4d0b875', '69e5d891-9705-4431-b829-1be0bb792b00', 'daghems', NULL), ('c647c5f7-7b2e-4b4f-afc6-bf2ad11a3556', '69e5d891-9705-4431-b829-1be0bb792b00', 'daghemmets', NULL), ('f9b9fe43-bb11-44e8-91e0-a232a0d8280c', '69e5d891-9705-4431-b829-1be0bb792b00', 'daghemmens', NULL), ('e9470247-50d2-4396-ac03-1fdd12c031a1', '69e5d891-9705-4431-b829-1be0bb792b00', 'daghemskö', NULL), ('8823c964-f875-43d0-a6e5-26925e675d34', '69e5d891-9705-4431-b829-1be0bb792b00', 'daghemskös', NULL), ('9e42e4d7-281d-430b-8f12-26d75a518eeb', '69e5d891-9705-4431-b829-1be0bb792b00', 'daghemskön', NULL), ('74373514-9be4-4471-9825-2833a1def360', '69e5d891-9705-4431-b829-1be0bb792b00', 'daghemsköns', NULL), ('3284710e-8727-485e-b13e-4137c7edad40', '69e5d891-9705-4431-b829-1be0bb792b00', 'daghemsköer', NULL), ('242e88f5-b83f-4892-a2ef-5ca2fff968e3', '69e5d891-9705-4431-b829-1be0bb792b00', 'daghemsköers', NULL), ('a59eb258-b362-4001-96fa-b57b5d773313', '69e5d891-9705-4431-b829-1be0bb792b00', 'daghemsköerna', NULL), ('1f8880d1-39ba-40c8-a63c-65496af79582', '69e5d891-9705-4431-b829-1be0bb792b00', 'daghemsköernas', NULL), ('e2a7e752-9fef-4217-a907-d971c4fc7acb', '69e5d891-9705-4431-b829-1be0bb792b00', 'kö', NULL), ('5a95bbc0-eaea-4374-868a-13d36240123c', '69e5d891-9705-4431-b829-1be0bb792b00', 'kös', NULL), ('65507f92-fbfe-455f-8bd2-b49f9768c96b', '69e5d891-9705-4431-b829-1be0bb792b00', 'kön', NULL), ('348ddff5-b19b-48a2-9412-585162153b2d', '69e5d891-9705-4431-b829-1be0bb792b00', 'köns', NULL), ('ec03e619-d6dd-4b62-944d-e1e56dc9e1df', '69e5d891-9705-4431-b829-1be0bb792b00', 'köer', NULL), ('21cb7574-66dd-497d-9631-dea033740913', '69e5d891-9705-4431-b829-1be0bb792b00', 'köers', NULL), ('03c68cac-e99a-4175-9af2-e07360ee2700', '69e5d891-9705-4431-b829-1be0bb792b00', 'köerna', NULL), ('7a9c288c-3a82-48c9-9d55-33f47422fba6', '69e5d891-9705-4431-b829-1be0bb792b00', 'köernas', NULL), ('61f091e5-aed2-4dad-be8d-41685a42cb76', '69e5d891-9705-4431-b829-1be0bb792b00', 'daghemsplats', NULL), ('05ced038-4bf2-4614-9ce3-8afe4f6f3dba', '69e5d891-9705-4431-b829-1be0bb792b00', 'daghemsplatsen', NULL), ('6ffccc60-df88-412a-8de4-4395aa1dfc2c', '69e5d891-9705-4431-b829-1be0bb792b00', 'daghemsplatsens', NULL), ('692ca258-deec-4a1f-966e-47887707e067', '69e5d891-9705-4431-b829-1be0bb792b00', 'daghemsplatser', NULL), ('d8244595-a0ab-4390-8d34-faa3f99a2959', '69e5d891-9705-4431-b829-1be0bb792b00', 'daghemsplatsers', NULL), ('abcee69a-f94f-46b1-8609-0ff1b3d67d49', '69e5d891-9705-4431-b829-1be0bb792b00', 'daghemsplatserna', NULL), ('3670b4ff-dc8b-40d9-b4bd-8685c63db6c3', '69e5d891-9705-4431-b829-1be0bb792b00', 'daghemsplatsernas', NULL), ('1243c18f-8d68-4722-bb57-6dd10ee2222f', '69e5d891-9705-4431-b829-1be0bb792b00', 'plats', NULL), ('79df27c6-f6c9-453c-8438-3ccade470c67', '69e5d891-9705-4431-b829-1be0bb792b00', 'platsen', NULL), ('2c4939f1-5f46-4d33-94b2-dd250a02331a', '69e5d891-9705-4431-b829-1be0bb792b00', 'platsens', NULL), ('00ce46e8-24fd-41ad-acd0-317c3377de90', '69e5d891-9705-4431-b829-1be0bb792b00', 'platser', NULL), ('a8f733ec-8ea9-4d8f-ac44-26241c1435b5', '69e5d891-9705-4431-b829-1be0bb792b00', 'platsers', NULL), ('981be996-b6d0-4599-87f8-498eee473c01', '69e5d891-9705-4431-b829-1be0bb792b00', 'platserna', NULL), ('4e08d5e8-9371-46ad-8ea4-7f4f028b2629', '69e5d891-9705-4431-b829-1be0bb792b00', 'platsernas', NULL), ('74ddea35-386a-4349-8085-e4f4af4dad13', '69e5d891-9705-4431-b829-1be0bb792b00', 'barndaghem', NULL), ('d7ac81c3-ede2-4c33-8c76-388db1e65417', '69e5d891-9705-4431-b829-1be0bb792b00', 'barndaghems', NULL), ('389400c9-bd03-40a1-9156-2061e280e8ff', '69e5d891-9705-4431-b829-1be0bb792b00', 'barndaghemmet', NULL), ('156fe87c-0e9c-42aa-b7d3-a1f2d204f6d9', '69e5d891-9705-4431-b829-1be0bb792b00', 'barndaghemmets', NULL), ('92c9b4ff-1ec6-49b2-ae7d-525f97496efe', '69e5d891-9705-4431-b829-1be0bb792b00', 'barndaghemmen', NULL), ('5d2590a4-64fa-4558-aac9-3ff85ba680cd', '69e5d891-9705-4431-b829-1be0bb792b00', 'barndaghemmens', NULL), ('c496af1a-e326-48ce-8575-8586346f4240', '69e5d891-9705-4431-b829-1be0bb792b00', 'barn', NULL);
INSERT INTO Lexeme (id, word_id, definition, example, example_meaning, source) VALUES ('274c3079-c14e-47f9-a355-f88cd6c53519', '69e5d891-9705-4431-b829-1be0bb792b00', 'en form av kommunal förskola, dagis', NULL, NULL, 'lexin-swe'), ('5ec4abf2-1f31-4e51-9441-dba1fa5a7629', '69e5d891-9705-4431-b829-1be0bb792b00', 'a kind of municipal preschool', NULL, NULL, 'folkets-lexikon');
INSERT INTO Word (id, lemma, part_of_speech, phonetic, phonetic_voice, phonetic_url) VALUES ('af9edee9-742f-4131-901b-e5afa1e9dc80', 'dop', 'subst.', 'do:p', NULL, 'https://lexin.nada.kth.se/sound/v2/137143_1.mp3');
INSERT INTO WordIndex (id, word_id, spell, form) VALUES ('9ea50f23-9e8b-447e-b59e-d17b257819bf', 'af9edee9-742f-4131-901b-e5afa1e9dc80', 'dop', 'obest.f.pl.'), ('a64d0fce-df47-4cd5-bed0-333e976f2ee1', 'af9edee9-742f-4131-901b-e5afa1e9dc80', 'dop', 'obest.f.sing.'), ('5116904c-4834-4e91-bea2-4f5b365ce1e1', 'af9edee9-742f-4131-901b-e5afa1e9dc80', 'dopet', 'best.f.sing.'), ('e735122b-dded-4299-b96e-0a0067f0ec41', 'af9edee9-742f-4131-901b-e5afa1e9dc80', 'dopen', 'best.f.pl.'), ('f24392c7-93e1-4e92-be63-e94dd05b8f02', 'af9edee9-742f-4131-901b-e5afa1e9dc80', 'dops', NULL), ('010c5701-00d2-4e6f-9c65-8fc88b11af5b', 'af9edee9-742f-4131-901b-e5afa1e9dc80', 'dopets', NULL), ('fecb84c4-f84f-45af-81da-dd6c573e9859', 'af9edee9-742f-4131-901b-e5afa1e9dc80', 'dopens', NULL), ('66515acf-a097-4742-a389-133148ee2c20', 'af9edee9-742f-4131-901b-e5afa1e9dc80', 'dopvatten', NULL), ('f6f508e3-de84-4cc7-b70a-d80061451531', 'af9edee9-742f-4131-901b-e5afa1e9dc80', 'dopvattens', NULL), ('d30ae3b5-e275-4b25-ac95-0e25c77b99af', 'af9edee9-742f-4131-901b-e5afa1e9dc80', 'dopvattnet', NULL), ('6ef35552-fe5e-407e-a971-2693895308f8', 'af9edee9-742f-4131-901b-e5afa1e9dc80', 'dopvattnets', NULL), ('497e1b71-a059-4814-a73c-6525ce875a88', 'af9edee9-742f-4131-901b-e5afa1e9dc80', 'vatten', NULL), ('4ddc4df8-84a2-42c9-9449-92b944006a11', 'af9edee9-742f-4131-901b-e5afa1e9dc80', 'vattens', NULL), ('910d82fb-fb89-471c-8009-dabf59b04567', 'af9edee9-742f-4131-901b-e5afa1e9dc80', 'vattnet', NULL), ('29a3fac3-24ee-4eea-aca0-a95e3d602c99', 'af9edee9-742f-4131-901b-e5afa1e9dc80', 'vattnets', NULL), ('7c83073d-9ca2-41a8-b258-003e68f74511', 'af9edee9-742f-4131-901b-e5afa1e9dc80', 'barndop', NULL), ('19ec331f-4c70-4c09-94a3-7b1c39ab2be1', 'af9edee9-742f-4131-901b-e5afa1e9dc80', 'barndops', NULL), ('86942988-7145-44bc-810e-585f77eb9265', 'af9edee9-742f-4131-901b-e5afa1e9dc80', 'barndopet', NULL), ('0744b633-9c42-4c14-b3ee-718257e90d6f', 'af9edee9-742f-4131-901b-e5afa1e9dc80', 'barndopets', NULL), ('a607f39f-e315-4373-bfba-63881e2471bc', 'af9edee9-742f-4131-901b-e5afa1e9dc80', 'barndopen', NULL), ('3dae2e5c-5c2d-4b50-8e3f-11cefc7f5247', 'af9edee9-742f-4131-901b-e5afa1e9dc80', 'barndopens', NULL), ('e6662de3-5aa8-4704-96b3-daecc6386549', 'af9edee9-742f-4131-901b-e5afa1e9dc80', 'barn', NULL), ('c95f3652-c002-4d72-b08a-09aec618a573', 'af9edee9-742f-4131-901b-e5afa1e9dc80', 'vuxendop', NULL), ('4ef08c29-bec8-412d-ab85-54d9fc329109', 'af9edee9-742f-4131-901b-e5afa1e9dc80', 'vuxendops', NULL), ('83e634a9-0e3b-46df-9add-f8b6d2d15cd2', 'af9edee9-742f-4131-901b-e5afa1e9dc80', 'vuxendopet', NULL), ('82ba93db-ab61-42e8-8302-feb0faf3d159', 'af9edee9-742f-4131-901b-e5afa1e9dc80', 'vuxendopets', NULL), ('06a7707e-bfaa-4590-9d4f-4a4867565b0d', 'af9edee9-742f-4131-901b-e5afa1e9dc80', 'vuxendopen', NULL), ('10a5ae95-0842-4383-8977-13e6b41500a5', 'af9edee9-742f-4131-901b-e5afa1e9dc80', 'vuxendopens', NULL), ('fab0a3ed-2fa3-4617-94a4-bd359cbd91b9', 'af9edee9-742f-4131-901b-e5afa1e9dc80', 'vuxen', NULL);
INSERT INTO Lexeme (id, word_id, definition, example, example_meaning, source) VALUES ('b925c8e6-6dfa-470b-a8b7-37961213fab5', 'af9edee9-742f-4131-901b-e5afa1e9dc80', 'en kyrklig ceremoni då prästen öser vatten över huvudet på ett barn (ibland en vuxen), som enligt kristen tro därmed renas från synd och tas upp i den kristna gemenskapen', 'babyn skrek under hela dopet', NULL, 'lexin-swe'), ('e1bc8793-be9c-4e86-a266-452d86cd1f60', 'af9edee9-742f-4131-901b-e5afa1e9dc80', 'a solemn ceremony admitting a child (or adult) into the Christian community and giving him or her a name (baptismal name)', NULL, NULL, 'folkets-lexikon');
INSERT INTO Word (id, lemma, part_of_speech, phonetic, phonetic_voice, phonetic_url) VALUES ('45a2df3e-b26a-4483-a759-057657fe60cd', 'dyna', 'subst.', '²dỵ:na', NULL, 'https://lexin.nada.kth.se/sound/v2/139483_1.mp3');
INSERT INTO WordIndex (id, word_id, spell, form) VALUES ('296a4d31-6634-49de-8494-f3e3df6e6ad0', '45a2df3e-b26a-4483-a759-057657fe60cd', 'dyna', 'obest.f.sing.'), ('f743542a-8e5d-488b-8573-6e0c767659d6', '45a2df3e-b26a-4483-a759-057657fe60cd', 'dynan', 'best.f.sing.'), ('7f7cdadd-f7a1-409a-bff1-8aa16686a035', '45a2df3e-b26a-4483-a759-057657fe60cd', 'dynor', 'obest.f.pl.'), ('4f53c110-b2a1-4e82-aab5-1e38b106a11f', '45a2df3e-b26a-4483-a759-057657fe60cd', 'dynorna', 'best.f.pl.'), ('47248cf4-d012-48b2-b9e1-2745f1e0069e', '45a2df3e-b26a-4483-a759-057657fe60cd', 'dynas', NULL), ('f4489824-3509-454b-bda6-c344506b8bcc', '45a2df3e-b26a-4483-a759-057657fe60cd', 'dynans', NULL), ('c40b6098-4967-4355-995f-2b0bd037d2b0', '45a2df3e-b26a-4483-a759-057657fe60cd', 'dynors', NULL), ('5ffd9bd2-415f-498c-b679-da720eb1de3f', '45a2df3e-b26a-4483-a759-057657fe60cd', 'dynornas', NULL), ('f2b3c41c-7c5a-4b8e-92fb-241930a14ad8', '45a2df3e-b26a-4483-a759-057657fe60cd', 'sittdyna', NULL), ('223d774a-53eb-4696-9257-486e61c61b6a', '45a2df3e-b26a-4483-a759-057657fe60cd', 'sittdynas', NULL), ('46b9e96b-2287-44e4-84c9-a56f6f8f4bc6', '45a2df3e-b26a-4483-a759-057657fe60cd', 'sittdynan', NULL), ('32a79c52-96e8-46c9-a1a3-fe459e394b11', '45a2df3e-b26a-4483-a759-057657fe60cd', 'sittdynans', NULL), ('91ae9e71-97cd-4dcd-8d20-039409c4f606', '45a2df3e-b26a-4483-a759-057657fe60cd', 'sittdynor', NULL), ('f0657fd2-5cdb-42c1-9b8c-e1a77377329e', '45a2df3e-b26a-4483-a759-057657fe60cd', 'sittdynors', NULL), ('4d697a9c-2261-4051-a662-31735ce53e0f', '45a2df3e-b26a-4483-a759-057657fe60cd', 'sittdynorna', NULL), ('eabdde9a-07a2-4384-aba1-c2ef34f36d86', '45a2df3e-b26a-4483-a759-057657fe60cd', 'sittdynornas', NULL), ('7e991cbf-b04b-45a1-995d-93739901adfa', '45a2df3e-b26a-4483-a759-057657fe60cd', 'sitt', NULL);
INSERT INTO Lexeme (id, word_id, definition, example, example_meaning, source) VALUES ('83efb0a7-6f61-4588-b472-c861c0320cfe', '45a2df3e-b26a-4483-a759-057657fe60cd', 'kudde', 'han tog ut dynorna till utemöblerna', NULL, 'lexin-swe'), ('20be60e6-7cc3-4ec4-b4a6-a205be43b5c5', '45a2df3e-b26a-4483-a759-057657fe60cd', 'cushion', NULL, NULL, 'folkets-lexikon');
INSERT INTO Word (id, lemma, part_of_speech, phonetic, phonetic_voice, phonetic_url) VALUES ('3e636dd1-ec5f-439a-b515-b09cf93fe145', 'fadder', 'subst.', 'fạd:er', NULL, 'https://lexin.nada.kth.se/sound/v2/146090_1.mp3');
INSERT INTO WordIndex (id, word_id, spell, form) VALUES ('df1e0ee7-f590-4790-bd95-cdacef5584a5', '3e636dd1-ec5f-439a-b515-b09cf93fe145', 'fadder', 'obest.f.sing.'), ('8d3bd118-e0d6-4546-8ebb-a56252b304dd', '3e636dd1-ec5f-439a-b515-b09cf93fe145', 'faddern', 'best.f.sing.'), ('99ee4c7d-cdf4-4547-a198-4029498181da', '3e636dd1-ec5f-439a-b515-b09cf93fe145', 'faddrar', 'obest.f.pl.'), ('4b799331-da67-45bc-af10-b4bee5080775', '3e636dd1-ec5f-439a-b515-b09cf93fe145', 'faddrarna', 'best.f.pl.'), ('3d3fbc77-b632-458c-a657-3242717f27b5', '3e636dd1-ec5f-439a-b515-b09cf93fe145', 'fadders', NULL), ('66962b3f-1845-45f1-b466-93e75780e0f4', '3e636dd1-ec5f-439a-b515-b09cf93fe145', 'fadderns', NULL), ('2390759c-9dd8-408c-ad12-fe470697247c', '3e636dd1-ec5f-439a-b515-b09cf93fe145', 'faddrars', NULL), ('3b4b701f-cbf3-48ab-86e3-41bd9290f6fa', '3e636dd1-ec5f-439a-b515-b09cf93fe145', 'faddrarnas', NULL), ('d8147793-8d51-4a88-83bd-467b5089e3d1', '3e636dd1-ec5f-439a-b515-b09cf93fe145', 'fadderbarn', NULL), ('1728fe79-d6ef-4dbc-bb17-07173210b112', '3e636dd1-ec5f-439a-b515-b09cf93fe145', 'fadderbarns', NULL), ('f9ca2988-7987-4cee-a51f-45b03e751e45', '3e636dd1-ec5f-439a-b515-b09cf93fe145', 'fadderbarnet', NULL), ('3d3e63b0-c6de-4fb8-8308-e5f9b7a2231e', '3e636dd1-ec5f-439a-b515-b09cf93fe145', 'fadderbarnets', NULL), ('0d80e385-2238-4db2-b665-9ade76973110', '3e636dd1-ec5f-439a-b515-b09cf93fe145', 'fadderbarnen', NULL), ('c06f7233-f742-4353-8f84-0fb30b749d4f', '3e636dd1-ec5f-439a-b515-b09cf93fe145', 'fadderbarnens', NULL), ('ca10367c-e1ad-40b9-8da4-61b7bb37ba74', '3e636dd1-ec5f-439a-b515-b09cf93fe145', 'barn', NULL), ('5db37caa-b4c2-4ff2-906f-9092ef59655f', '3e636dd1-ec5f-439a-b515-b09cf93fe145', 'barns', NULL), ('e5bdac85-a679-4e78-8cf4-865ad26dc502', '3e636dd1-ec5f-439a-b515-b09cf93fe145', 'barnet', NULL), ('93796dc2-6343-4f39-afd9-8c57c5370f5d', '3e636dd1-ec5f-439a-b515-b09cf93fe145', 'barnets', NULL), ('cb7785de-94bf-402f-8fe0-3f7c32e4d0e1', '3e636dd1-ec5f-439a-b515-b09cf93fe145', 'barnen', NULL), ('04686046-5a84-4da4-94b1-934337300576', '3e636dd1-ec5f-439a-b515-b09cf93fe145', 'barnens', NULL), ('a7f7ca77-2dff-4762-8fe6-ea8a4526e3b6', '3e636dd1-ec5f-439a-b515-b09cf93fe145', 'fadderverksamhet', NULL), ('1089f2cd-2cab-49d4-aa13-05faa005ece4', '3e636dd1-ec5f-439a-b515-b09cf93fe145', 'fadderverksamhets', NULL), ('11708040-2ff7-427d-b85f-586b64218a19', '3e636dd1-ec5f-439a-b515-b09cf93fe145', 'fadderverksamheten', NULL), ('e7a28f42-e1c8-4556-bb76-60cde7ac0fc7', '3e636dd1-ec5f-439a-b515-b09cf93fe145', 'fadderverksamhetens', NULL), ('9fe01af8-517f-4474-81e2-374d25d99fee', '3e636dd1-ec5f-439a-b515-b09cf93fe145', 'verksamhet', NULL), ('f02d24b4-da43-4f2b-ba92-48a999e5f310', '3e636dd1-ec5f-439a-b515-b09cf93fe145', 'verksamhets', NULL), ('e885046f-9377-4eeb-9b58-4f10b68762fa', '3e636dd1-ec5f-439a-b515-b09cf93fe145', 'verksamheten', NULL), ('b6562f93-dabd-46e6-9472-a01249b837a9', '3e636dd1-ec5f-439a-b515-b09cf93fe145', 'verksamhetens', NULL);
INSERT INTO Lexeme (id, word_id, definition, example, example_meaning, source) VALUES ('559f0275-0d0b-487f-b9cd-3ddcff1bf642', '3e636dd1-ec5f-439a-b515-b09cf93fe145', 'vittne vid ett barns dop, gudfar eller gudmor', 'barnen i förskolan har faddrar i ettan och tvåan', NULL, 'lexin-swe'), ('63d971c7-e895-4f88-92f1-c2d1571eae90', '3e636dd1-ec5f-439a-b515-b09cf93fe145', 'godfather', NULL, NULL, 'folkets-lexikon');
INSERT INTO Word (id, lemma, part_of_speech, phonetic, phonetic_voice, phonetic_url) VALUES ('102e66b5-8c82-4e4d-b4de-438e132a3c2e', 'familj', 'subst.', 'famịl:j', NULL, 'https://lexin.nada.kth.se/sound/v2/146529_1.mp3');
INSERT INTO WordIndex (id, word_id, spell, form) VALUES ('2cbcbec5-1bcd-41f0-90cb-7bfb596df8d8', '102e66b5-8c82-4e4d-b4de-438e132a3c2e', 'familj', 'obest.f.sing.'), ('c5e42854-e342-4cd9-b829-063188e762e2', '102e66b5-8c82-4e4d-b4de-438e132a3c2e', 'familjen', 'best.f.sing.'), ('e2c271f1-efa7-41de-a185-90a5dcba167a', '102e66b5-8c82-4e4d-b4de-438e132a3c2e', 'familjer', 'obest.f.pl.'), ('b8887315-55d3-4fa9-987c-07b87ef1d01f', '102e66b5-8c82-4e4d-b4de-438e132a3c2e', 'familjerna', 'best.f.pl.'), ('326c7cc5-f674-4bfa-996e-8cd501d95cbd', '102e66b5-8c82-4e4d-b4de-438e132a3c2e', 'familjs', NULL), ('a562ab76-d59a-443a-9842-744fefb9ac4c', '102e66b5-8c82-4e4d-b4de-438e132a3c2e', 'familjens', NULL), ('2cff9faf-b76f-44d9-8e53-c5ef116199c7', '102e66b5-8c82-4e4d-b4de-438e132a3c2e', 'familjers', NULL), ('8a277fdb-abab-4ede-a6be-2b8dc879505e', '102e66b5-8c82-4e4d-b4de-438e132a3c2e', 'familjernas', NULL), ('3e1fb60b-1a91-4b72-87b9-8068cddcd9ed', '102e66b5-8c82-4e4d-b4de-438e132a3c2e', 'familjebil', NULL), ('b6d9b16d-122a-4b58-bf5f-ffb7d5fbcb2d', '102e66b5-8c82-4e4d-b4de-438e132a3c2e', 'familjebils', NULL), ('4f068bdc-458d-4c37-b7e7-d2b7888e5e99', '102e66b5-8c82-4e4d-b4de-438e132a3c2e', 'familjebilen', NULL), ('0e2079ac-2fa6-424a-a989-bbbe2cf2de51', '102e66b5-8c82-4e4d-b4de-438e132a3c2e', 'familjebilens', NULL), ('85ec7c0b-c435-4f28-a947-d4c997cfad8c', '102e66b5-8c82-4e4d-b4de-438e132a3c2e', 'familjebilar', NULL), ('d56faa83-89dc-4a0f-a950-d50e6dc77e82', '102e66b5-8c82-4e4d-b4de-438e132a3c2e', 'familjebilars', NULL), ('d7bcc4c8-ca3f-4a57-b993-6f2499b04b78', '102e66b5-8c82-4e4d-b4de-438e132a3c2e', 'familjebilarna', NULL), ('4b788ee5-100f-4166-a1fe-8fe6b9022e2e', '102e66b5-8c82-4e4d-b4de-438e132a3c2e', 'familjebilarnas', NULL), ('cf44fd37-fe3d-4df9-b712-17d66d98f5a1', '102e66b5-8c82-4e4d-b4de-438e132a3c2e', 'familje', NULL), ('583a6eaf-3457-47f8-ab37-b81cf26624b5', '102e66b5-8c82-4e4d-b4de-438e132a3c2e', 'bil', NULL), ('db26bbb3-6074-4bc5-a044-8b7c8a0ed475', '102e66b5-8c82-4e4d-b4de-438e132a3c2e', 'bils', NULL), ('bd5a5255-ccdf-4d78-87ee-28dc3c0f97a0', '102e66b5-8c82-4e4d-b4de-438e132a3c2e', 'bilen', NULL), ('0e82b888-391a-4b96-b297-0cce073f6575', '102e66b5-8c82-4e4d-b4de-438e132a3c2e', 'bilens', NULL), ('b2370b37-5670-4dcf-9920-0ecff98d247b', '102e66b5-8c82-4e4d-b4de-438e132a3c2e', 'bilar', NULL), ('3ccdde0e-3753-4d08-a1ef-288400b3ac02', '102e66b5-8c82-4e4d-b4de-438e132a3c2e', 'bilars', NULL), ('d87b8641-9099-4dfa-84d8-a277e76cd1c2', '102e66b5-8c82-4e4d-b4de-438e132a3c2e', 'bilarna', NULL), ('9c3556e1-0331-4c7c-a91b-7df6d799c0b3', '102e66b5-8c82-4e4d-b4de-438e132a3c2e', 'bilarnas', NULL), ('551505c1-7309-4d4f-a317-8ad128ff10b3', '102e66b5-8c82-4e4d-b4de-438e132a3c2e', 'familjemedlem', NULL), ('c563086e-02c4-453c-aec9-d99fa829bb3f', '102e66b5-8c82-4e4d-b4de-438e132a3c2e', 'familjemedlems', NULL), ('a72bccbe-794f-487b-9b0f-7e621ac2de88', '102e66b5-8c82-4e4d-b4de-438e132a3c2e', 'familjemedlemmen', NULL), ('ff5c7c9a-a289-438c-9eb5-2565e11d6304', '102e66b5-8c82-4e4d-b4de-438e132a3c2e', 'familjemedlemmens', NULL), ('5c776713-2043-42ae-9ce1-d30bd2399708', '102e66b5-8c82-4e4d-b4de-438e132a3c2e', 'familjemedlemmar', NULL), ('c7f98f1c-470a-4dbc-8499-f35ef79932f8', '102e66b5-8c82-4e4d-b4de-438e132a3c2e', 'familjemedlemmars', NULL), ('694cfa61-1ede-4b40-9ea9-67b81005d4f5', '102e66b5-8c82-4e4d-b4de-438e132a3c2e', 'familjemedlemmarna', NULL), ('d746a4c9-f912-4242-be35-139877a55434', '102e66b5-8c82-4e4d-b4de-438e132a3c2e', 'familjemedlemmarnas', NULL), ('9f9f36e8-1ff5-400d-a724-fee54cb3b772', '102e66b5-8c82-4e4d-b4de-438e132a3c2e', 'medlem', NULL), ('30a6ff07-8af5-4ddd-a25f-052f426e853d', '102e66b5-8c82-4e4d-b4de-438e132a3c2e', 'medlems', NULL), ('f01e0128-b189-46ea-8c49-cc09d5ab6300', '102e66b5-8c82-4e4d-b4de-438e132a3c2e', 'medlemmen', NULL), ('de3b8d43-7334-4d74-8710-fcca23eecd36', '102e66b5-8c82-4e4d-b4de-438e132a3c2e', 'medlemmens', NULL), ('68253037-21c9-4a62-b292-2fd12566257e', '102e66b5-8c82-4e4d-b4de-438e132a3c2e', 'medlemmar', NULL), ('a1f20074-ad93-4ce8-bba2-3db2d968b3ae', '102e66b5-8c82-4e4d-b4de-438e132a3c2e', 'medlemmars', NULL), ('5391aae4-b66e-4e01-8098-634adc28a83f', '102e66b5-8c82-4e4d-b4de-438e132a3c2e', 'medlemmarna', NULL), ('3504d66c-1e52-44c1-a085-055e69bde4f4', '102e66b5-8c82-4e4d-b4de-438e132a3c2e', 'medlemmarnas', NULL), ('764feed3-f4ae-40ce-b7ef-6b3dc110d734', '102e66b5-8c82-4e4d-b4de-438e132a3c2e', 'familjenamn', NULL), ('502bd9dc-180d-41f2-8e92-61b0a85fcaa5', '102e66b5-8c82-4e4d-b4de-438e132a3c2e', 'familjenamns', NULL), ('8d2406b9-f6cb-4db0-97e0-ce3fe388fa6e', '102e66b5-8c82-4e4d-b4de-438e132a3c2e', 'familjenamnet', NULL), ('a49a06e4-392f-4638-8af8-f18a106eb424', '102e66b5-8c82-4e4d-b4de-438e132a3c2e', 'familjenamnets', NULL), ('2dd0fce7-68d1-4691-96cd-5175dca0d485', '102e66b5-8c82-4e4d-b4de-438e132a3c2e', 'familjenamnen', NULL), ('991e3fcf-fd4c-4b05-b0c7-6df8ec82900b', '102e66b5-8c82-4e4d-b4de-438e132a3c2e', 'familjenamnens', NULL), ('0893a796-ee7c-46a2-8081-2058619c320e', '102e66b5-8c82-4e4d-b4de-438e132a3c2e', 'namn', NULL), ('ba50f479-28ba-4ae3-8120-f26d0bfe15ed', '102e66b5-8c82-4e4d-b4de-438e132a3c2e', 'namns', NULL), ('5f16c678-84f0-438c-94f3-93ce8ab40358', '102e66b5-8c82-4e4d-b4de-438e132a3c2e', 'namnet', NULL), ('34911898-6cb7-48ef-a58d-52114e2ad1fb', '102e66b5-8c82-4e4d-b4de-438e132a3c2e', 'namnets', NULL), ('51b7d63b-65af-4153-8db0-485903fe236c', '102e66b5-8c82-4e4d-b4de-438e132a3c2e', 'namnen', NULL), ('84e53d85-e3eb-417e-939b-2eb03bbee4de', '102e66b5-8c82-4e4d-b4de-438e132a3c2e', 'namnens', NULL), ('6d1a3eea-d2e2-4a38-aea0-7f9f5d043861', '102e66b5-8c82-4e4d-b4de-438e132a3c2e', 'familjeterapi', NULL), ('5a216efb-49a1-412d-bf2e-85cb6982584c', '102e66b5-8c82-4e4d-b4de-438e132a3c2e', 'familjeterapis', NULL), ('45a53810-7466-4dcb-9027-ae0fd30651f6', '102e66b5-8c82-4e4d-b4de-438e132a3c2e', 'familjeterapin', NULL), ('7a5ddec0-d089-4b50-b42f-2fa6dbab7a89', '102e66b5-8c82-4e4d-b4de-438e132a3c2e', 'familjeterapins', NULL), ('a04954fe-a64f-4c98-9be0-6c126735a4da', '102e66b5-8c82-4e4d-b4de-438e132a3c2e', 'terapi', NULL), ('42e2f1c2-4521-437f-9242-58bef070fc42', '102e66b5-8c82-4e4d-b4de-438e132a3c2e', 'terapis', NULL), ('980080a7-1042-441b-8f8f-df5c9b2160aa', '102e66b5-8c82-4e4d-b4de-438e132a3c2e', 'terapin', NULL), ('b7ed252e-0629-446a-ae0d-e046aee9831e', '102e66b5-8c82-4e4d-b4de-438e132a3c2e', 'terapins', NULL), ('15b2c72e-e466-481c-96a9-8f5cf09ff6a8', '102e66b5-8c82-4e4d-b4de-438e132a3c2e', 'barnfamilj', NULL), ('71897ac9-b062-4586-b589-b86307c0c4b9', '102e66b5-8c82-4e4d-b4de-438e132a3c2e', 'barnfamiljs', NULL), ('813612ee-f7b5-4a8a-aaa5-62f75fa26306', '102e66b5-8c82-4e4d-b4de-438e132a3c2e', 'barnfamiljen', NULL), ('c095f90d-92b7-4dad-a587-edcb3c76579b', '102e66b5-8c82-4e4d-b4de-438e132a3c2e', 'barnfamiljens', NULL), ('04890225-dc94-4f95-8837-5f09e9f10e8c', '102e66b5-8c82-4e4d-b4de-438e132a3c2e', 'barnfamiljer', NULL), ('aa053185-a176-40ce-8d8f-1624e139a01e', '102e66b5-8c82-4e4d-b4de-438e132a3c2e', 'barnfamiljers', NULL), ('689a75f1-4ee2-4b27-87c8-d724d9cc2544', '102e66b5-8c82-4e4d-b4de-438e132a3c2e', 'barnfamiljerna', NULL), ('3794870f-913b-4855-8fb1-2e598802985d', '102e66b5-8c82-4e4d-b4de-438e132a3c2e', 'barnfamiljernas', NULL), ('7f6adeae-62e0-4915-bb05-36fed3862631', '102e66b5-8c82-4e4d-b4de-438e132a3c2e', 'barn', NULL), ('05e5c743-2d70-4ac7-a1c6-941f1ee9b606', '102e66b5-8c82-4e4d-b4de-438e132a3c2e', 'kärnfamilj', NULL), ('43f92ca1-69f3-4010-9904-1b6a33ecca2b', '102e66b5-8c82-4e4d-b4de-438e132a3c2e', 'kärnfamiljs', NULL), ('d91ca608-10c1-46fd-a043-0500ba61cccd', '102e66b5-8c82-4e4d-b4de-438e132a3c2e', 'kärnfamiljen', NULL), ('c4009565-170b-4f13-a68a-efe4edaabef8', '102e66b5-8c82-4e4d-b4de-438e132a3c2e', 'kärnfamiljens', NULL), ('d6e4c4f8-e699-4c59-aa7a-784baf48e837', '102e66b5-8c82-4e4d-b4de-438e132a3c2e', 'kärnfamiljer', NULL), ('8f362edb-4e60-48bc-97e4-a0811ecb1632', '102e66b5-8c82-4e4d-b4de-438e132a3c2e', 'kärnfamiljers', NULL), ('554c885d-d237-45c7-85cc-3adaaf69f991', '102e66b5-8c82-4e4d-b4de-438e132a3c2e', 'kärnfamiljerna', NULL), ('41c20de6-e436-4707-acae-d304e7c1bab7', '102e66b5-8c82-4e4d-b4de-438e132a3c2e', 'kärnfamiljernas', NULL), ('d8f6f10c-bbd3-422d-8615-b85169e12238', '102e66b5-8c82-4e4d-b4de-438e132a3c2e', 'kärn', NULL), ('46d57298-2e9c-46b4-9bf9-09acb4ab2b4e', '102e66b5-8c82-4e4d-b4de-438e132a3c2e', 'trebarnsfamilj', NULL), ('710c8e1e-6744-4ece-b9b1-6c365f1b5fcd', '102e66b5-8c82-4e4d-b4de-438e132a3c2e', 'trebarnsfamiljs', NULL), ('8607e098-7e6b-451c-b2c5-fa6aecd934ad', '102e66b5-8c82-4e4d-b4de-438e132a3c2e', 'trebarnsfamiljen', NULL), ('f8c0d599-8c71-4efd-bd14-2e74ad27c797', '102e66b5-8c82-4e4d-b4de-438e132a3c2e', 'trebarnsfamiljens', NULL), ('397cd115-fb03-4f43-af80-38bac94fd936', '102e66b5-8c82-4e4d-b4de-438e132a3c2e', 'trebarnsfamiljer', NULL), ('b56ae5b1-6053-4c25-a7df-ab2a7791fc0b', '102e66b5-8c82-4e4d-b4de-438e132a3c2e', 'trebarnsfamiljers', NULL), ('1b3654a9-fadb-4d94-81cb-aad081ebfb4d', '102e66b5-8c82-4e4d-b4de-438e132a3c2e', 'trebarnsfamiljerna', NULL), ('8ebfc27e-1545-4e70-8522-3ee1140b06c4', '102e66b5-8c82-4e4d-b4de-438e132a3c2e', 'trebarnsfamiljernas', NULL), ('2fe321be-512a-4766-8448-3eba1b71f743', '102e66b5-8c82-4e4d-b4de-438e132a3c2e', 'trebarns', NULL), ('7a38e0d3-2308-489e-9811-37d27d221fc4', '102e66b5-8c82-4e4d-b4de-438e132a3c2e', 'familjeband', NULL), ('841e5887-6a2c-46a5-a3c8-8e2e704271d8', '102e66b5-8c82-4e4d-b4de-438e132a3c2e', 'familjebands', NULL), ('b836f57b-b519-4625-a70b-c1a66ca186f9', '102e66b5-8c82-4e4d-b4de-438e132a3c2e', 'familjebandet', NULL), ('4b29a764-a2b3-4ac1-8537-7662fc4f0201', '102e66b5-8c82-4e4d-b4de-438e132a3c2e', 'familjebandets', NULL), ('e88560f6-1748-429a-9823-d4c5ee42480c', '102e66b5-8c82-4e4d-b4de-438e132a3c2e', 'familjebanden', NULL), ('f70a8826-6c11-484e-b244-cb6793ecae68', '102e66b5-8c82-4e4d-b4de-438e132a3c2e', 'familjebandens', NULL), ('a5d0b7e0-83e7-4c2a-b01d-84a7a878616c', '102e66b5-8c82-4e4d-b4de-438e132a3c2e', 'band', NULL), ('87fabe19-4083-4db4-ba39-d2a2c536dc62', '102e66b5-8c82-4e4d-b4de-438e132a3c2e', 'bands', NULL), ('b98b58a1-eca2-4ce6-b27f-43a9398978d4', '102e66b5-8c82-4e4d-b4de-438e132a3c2e', 'bandet', NULL), ('235a75a8-9874-4e2e-bca8-64c0043d5fee', '102e66b5-8c82-4e4d-b4de-438e132a3c2e', 'bandets', NULL), ('d3f994cf-6a67-4208-af11-b87a06965764', '102e66b5-8c82-4e4d-b4de-438e132a3c2e', 'banden', NULL), ('7b769a80-4703-47f8-8571-8cb319a04d5e', '102e66b5-8c82-4e4d-b4de-438e132a3c2e', 'bandens', NULL);
INSERT INTO Lexeme (id, word_id, definition, example, example_meaning, source) VALUES ('53a02ffa-b841-4640-be5f-50b13f7727a3', '102e66b5-8c82-4e4d-b4de-438e132a3c2e', '(en eller två) föräldrar och deras barn; hushåll', 'i söndags gjorde hela familjen en utflykt', NULL, 'lexin-swe'), ('3d0ee5b8-aa02-42ea-b416-fe53024f2ce4', '102e66b5-8c82-4e4d-b4de-438e132a3c2e', 'släkt', NULL, NULL, 'lexin-swe'), ('924a5ad0-78c3-4ec6-ac80-23c235adc6de', '102e66b5-8c82-4e4d-b4de-438e132a3c2e', 'family', NULL, NULL, 'folkets-lexikon'), ('3c33dc84-f31a-4123-b255-3b7308b2336b', '102e66b5-8c82-4e4d-b4de-438e132a3c2e', 'family', NULL, NULL, 'folkets-lexikon');
INSERT INTO Word (id, lemma, part_of_speech, phonetic, phonetic_voice, phonetic_url) VALUES ('ccd44a98-3c70-49a0-847e-2005036c46c2', 'förbjuden', 'adj.', 'förbjụ:den', NULL, 'https://lexin.nada.kth.se/sound/v2/160784_1.mp3');
INSERT INTO WordIndex (id, word_id, spell, form) VALUES ('16dd367c-f0a1-43dc-8206-bbb1c181ab81', 'ccd44a98-3c70-49a0-847e-2005036c46c2', 'förbjuden', 'nform'), ('b5c0307e-12b1-4b2c-94bb-19ece778dda9', 'ccd44a98-3c70-49a0-847e-2005036c46c2', 'förbjudet', 'tform'), ('dc2bb2b5-2a26-4cc6-9af1-298def2a024f', 'ccd44a98-3c70-49a0-847e-2005036c46c2', 'förbjudna', 'aform'), ('28de3693-8c6c-42ef-9e59-e788563ec816', 'ccd44a98-3c70-49a0-847e-2005036c46c2', 'förbjudne', NULL), ('1db9aa45-4bc7-4961-9131-20ce3cf0caf6', 'ccd44a98-3c70-49a0-847e-2005036c46c2', 'barnförbjuden', NULL), ('ff8e1047-856c-49b8-b154-23f297557857', 'ccd44a98-3c70-49a0-847e-2005036c46c2', 'barnförbjudet', NULL), ('1651be96-b552-4766-bf99-c83288cbd14f', 'ccd44a98-3c70-49a0-847e-2005036c46c2', 'barnförbjudna', NULL), ('6352ec1a-e998-41d3-8548-e9043cc69d86', 'ccd44a98-3c70-49a0-847e-2005036c46c2', 'barnförbjudne', NULL), ('131e3d41-c208-4e27-991c-a2d7c50e56c9', 'ccd44a98-3c70-49a0-847e-2005036c46c2', 'barn', NULL);
INSERT INTO Lexeme (id, word_id, definition, example, example_meaning, source) VALUES ('36e29813-fe1f-450d-a403-8e08fd62dec5', 'ccd44a98-3c70-49a0-847e-2005036c46c2', 'inte tillåten', 'på skylten stod det "Tillträde förbjudet för obehöriga!"', NULL, 'lexin-swe'), ('ad780ea5-45ce-4555-bb44-4bb17749ecad', 'ccd44a98-3c70-49a0-847e-2005036c46c2', 'forbidden, prohibited', 'förbjudet område', 'prohibited area', 'folkets-lexikon');
INSERT INTO Word (id, lemma, part_of_speech, phonetic, phonetic_voice, phonetic_url) VALUES ('6db82acf-9282-4d02-9dc6-f09136eacdfb', 'jung|fru', 'subst.', '²jụŋ:fru', NULL, 'https://lexin.nada.kth.se/sound/v2/199627_1.mp3');
INSERT INTO WordIndex (id, word_id, spell, form) VALUES ('853842a4-e9d9-4162-b343-48b7b4639583', '6db82acf-9282-4d02-9dc6-f09136eacdfb', 'jungfru', 'obest.f.sing.'), ('a6f05283-4d8a-42c9-975a-2bbd7df1f98f', '6db82acf-9282-4d02-9dc6-f09136eacdfb', 'jungfrun', 'best.f.sing.'), ('2dc5c328-8ada-4895-9dc0-1dfba94fdbfa', '6db82acf-9282-4d02-9dc6-f09136eacdfb', 'jungfrur', 'obest.f.pl.'), ('5b38309f-65bb-437f-939e-95cd8ee45b7a', '6db82acf-9282-4d02-9dc6-f09136eacdfb', 'jungfrurna', 'best.f.pl.'), ('a5ce0f40-5656-42c1-bcfc-79c444226467', '6db82acf-9282-4d02-9dc6-f09136eacdfb', 'jungfrus', NULL), ('8345a0fd-1fa6-41cf-b672-86cbf334929d', '6db82acf-9282-4d02-9dc6-f09136eacdfb', 'jungfruns', NULL), ('1d7b05ee-11ad-458e-ae11-2a62ec689726', '6db82acf-9282-4d02-9dc6-f09136eacdfb', 'jungfrurs', NULL), ('e47e1b39-6aed-419b-aea5-7d66f62f1257', '6db82acf-9282-4d02-9dc6-f09136eacdfb', 'jungfrurnas', NULL), ('3a61cdea-1e21-44d1-ab27-7b3f3b95bd86', '6db82acf-9282-4d02-9dc6-f09136eacdfb', 'jungfrukammare', NULL), ('0ec891cc-cd98-4218-84ab-685764527889', '6db82acf-9282-4d02-9dc6-f09136eacdfb', 'jungfrukammares', NULL), ('1fa47681-cb2d-4a82-8fa9-131a4b85041c', '6db82acf-9282-4d02-9dc6-f09136eacdfb', 'jungfrukammaren', NULL), ('12856189-3ca3-4fe2-a90b-aaa5a292c765', '6db82acf-9282-4d02-9dc6-f09136eacdfb', 'jungfrukammarens', NULL), ('ba4cf2d6-84f0-40fb-9c0b-cbfa2c271ed5', '6db82acf-9282-4d02-9dc6-f09136eacdfb', 'jungfrukamrar', NULL), ('229a05e0-80d5-43b0-b71e-636b25c6cd31', '6db82acf-9282-4d02-9dc6-f09136eacdfb', 'jungfrukamrars', NULL), ('da4e865e-ca95-44c2-8465-b20bbc54d8a4', '6db82acf-9282-4d02-9dc6-f09136eacdfb', 'jungfrukamrarna', NULL), ('b0b10de9-f356-4e68-8ff1-600873be91a7', '6db82acf-9282-4d02-9dc6-f09136eacdfb', 'jungfrukamrarnas', NULL), ('0f44f4ec-fcc3-460f-9db6-e8687aa52318', '6db82acf-9282-4d02-9dc6-f09136eacdfb', 'jungfrukammarna', NULL), ('9aff1b24-3479-4072-974d-3d3ec1fbdaf3', '6db82acf-9282-4d02-9dc6-f09136eacdfb', 'jungfrukammarnas', NULL), ('d07c2085-af30-496c-ace0-f24bb5de26ba', '6db82acf-9282-4d02-9dc6-f09136eacdfb', 'kammare', NULL), ('77ea3e49-9ac5-42b6-8345-678d3fed4688', '6db82acf-9282-4d02-9dc6-f09136eacdfb', 'kammares', NULL), ('ce377ad1-56f3-4c9b-a6a8-2d997d4509d8', '6db82acf-9282-4d02-9dc6-f09136eacdfb', 'kammaren', NULL), ('99be5dfe-0ec1-4210-8bb3-edca004b7cf0', '6db82acf-9282-4d02-9dc6-f09136eacdfb', 'kammarens', NULL), ('1809a69f-c02f-40c3-a82d-787f21de452f', '6db82acf-9282-4d02-9dc6-f09136eacdfb', 'kamrar', NULL), ('3cc9fb3e-5b18-4ac9-af28-23599a7646f3', '6db82acf-9282-4d02-9dc6-f09136eacdfb', 'kamrars', NULL), ('29273641-91d3-47f0-9ac2-71e5706a70e6', '6db82acf-9282-4d02-9dc6-f09136eacdfb', 'kamrarna', NULL), ('1f95bc10-c24b-4097-a973-2e2848a7f396', '6db82acf-9282-4d02-9dc6-f09136eacdfb', 'kamrarnas', NULL), ('1c2aff80-f6cc-4c69-96a0-e442cfece65d', '6db82acf-9282-4d02-9dc6-f09136eacdfb', 'kammarna', NULL), ('9820a0cc-dd6d-443d-8897-1d3a359bfcb0', '6db82acf-9282-4d02-9dc6-f09136eacdfb', 'kammarnas', NULL), ('7ecf6258-9fad-4c64-9b2d-7fb5fa9c8a83', '6db82acf-9282-4d02-9dc6-f09136eacdfb', 'barnjungfru', NULL), ('16afb800-c1d2-425a-9c88-512e46f96550', '6db82acf-9282-4d02-9dc6-f09136eacdfb', 'barnjungfrus', NULL), ('eee645d9-0d7d-4f9f-882a-3fbbb8745858', '6db82acf-9282-4d02-9dc6-f09136eacdfb', 'barnjungfrun', NULL), ('9fcafff3-aac0-4e34-a1eb-8b64dc2b52eb', '6db82acf-9282-4d02-9dc6-f09136eacdfb', 'barnjungfruns', NULL), ('97ebd0f0-85cb-4a43-b082-3d0908e5bc71', '6db82acf-9282-4d02-9dc6-f09136eacdfb', 'barnjungfrur', NULL), ('4707bacb-343b-47f6-8aa6-970915a09c85', '6db82acf-9282-4d02-9dc6-f09136eacdfb', 'barnjungfrurs', NULL), ('48cd9510-522b-4299-8181-fa3ff9650322', '6db82acf-9282-4d02-9dc6-f09136eacdfb', 'barnjungfrurna', NULL), ('c05cd617-79e0-4da8-b7ba-328f16e028c2', '6db82acf-9282-4d02-9dc6-f09136eacdfb', 'barnjungfrurnas', NULL), ('53289acf-32dd-4c9e-92d8-111528d4418a', '6db82acf-9282-4d02-9dc6-f09136eacdfb', 'barn', NULL);
INSERT INTO Lexeme (id, word_id, definition, example, example_meaning, source) VALUES ('bb7b27ef-e198-4ad6-b639-0aa13d2fc223', '6db82acf-9282-4d02-9dc6-f09136eacdfb', 'flicka eller kvinna som inte haft sexuellt umgänge, oskuld', 'jungfru Maria', NULL, 'lexin-swe');
INSERT INTO Word (id, lemma, part_of_speech, phonetic, phonetic_voice, phonetic_url) VALUES ('e32116a4-c14b-46a7-9ec1-6ca1ec183068', 'kalas', 'subst.', 'kalạ:s', NULL, 'https://lexin.nada.kth.se/sound/v2/201426_1.mp3');
INSERT INTO WordIndex (id, word_id, spell, form) VALUES ('a21ae6c1-f71b-4d3d-8d83-6d9227c7d805', 'e32116a4-c14b-46a7-9ec1-6ca1ec183068', 'kalas', 'obest.f.pl.'), ('3249390d-f736-4e16-8bb9-7d5a0ba5e6ca', 'e32116a4-c14b-46a7-9ec1-6ca1ec183068', 'kalas', 'obest.f.sing.'), ('f8b5c1e5-6c6e-4ea0-93bc-d54eb3f5c3c5', 'e32116a4-c14b-46a7-9ec1-6ca1ec183068', 'kalaset', 'best.f.sing.'), ('f75f83f6-01ed-4aa4-8f84-78aafad69dab', 'e32116a4-c14b-46a7-9ec1-6ca1ec183068', 'kalasen', 'best.f.pl.'), ('caebad29-62f4-48b0-b83e-d36cebed9fec', 'e32116a4-c14b-46a7-9ec1-6ca1ec183068', 'kalasets', NULL), ('ef4e62ad-3e69-4e9a-88a8-bcd956ae2d7a', 'e32116a4-c14b-46a7-9ec1-6ca1ec183068', 'kalasens', NULL), ('db58e2fc-57e1-4181-aa3c-2e88f6ac1377', 'e32116a4-c14b-46a7-9ec1-6ca1ec183068', '50-årskalas', NULL), ('3a3bb8e2-d411-4cc2-a120-e8385efe8faf', 'e32116a4-c14b-46a7-9ec1-6ca1ec183068', '50-årskalaset', NULL), ('460074ee-a042-4446-8073-dc10ba8271c7', 'e32116a4-c14b-46a7-9ec1-6ca1ec183068', '50-årskalasets', NULL), ('29b67bc1-95b2-4f0f-b9ba-e9a784db11de', 'e32116a4-c14b-46a7-9ec1-6ca1ec183068', '50-årskalasen', NULL), ('a336af90-dd43-45f5-b0a3-2c7fc9d7e5bf', 'e32116a4-c14b-46a7-9ec1-6ca1ec183068', '50-årskalasens', NULL), ('e265b043-2a07-4d6e-8404-6a24b9ec50e0', 'e32116a4-c14b-46a7-9ec1-6ca1ec183068', '50-års', NULL), ('cb547dbf-1e40-46a1-84d4-cbd73029c31b', 'e32116a4-c14b-46a7-9ec1-6ca1ec183068', 'barnkalas', NULL), ('eb5a0ff8-a2c5-409d-a5e8-e203641494cc', 'e32116a4-c14b-46a7-9ec1-6ca1ec183068', 'barnkalaset', NULL), ('e8e73cb2-ce00-4ddf-a15f-c43e6492749e', 'e32116a4-c14b-46a7-9ec1-6ca1ec183068', 'barnkalasets', NULL), ('9fe7fe70-2026-46ec-ad78-9d94d6566677', 'e32116a4-c14b-46a7-9ec1-6ca1ec183068', 'barnkalasen', NULL), ('3c9697fd-6c97-4c69-84a2-7aac368912f3', 'e32116a4-c14b-46a7-9ec1-6ca1ec183068', 'barnkalasens', NULL), ('9f3f8285-4e75-4a80-9780-105b38b13094', 'e32116a4-c14b-46a7-9ec1-6ca1ec183068', 'barn', NULL), ('517f7092-b314-4867-9641-09487f9f8804', 'e32116a4-c14b-46a7-9ec1-6ca1ec183068', 'födelsedagskalas', NULL), ('c3b1b972-561c-442e-a87a-370291e0d1ab', 'e32116a4-c14b-46a7-9ec1-6ca1ec183068', 'födelsedagskalaset', NULL), ('5a329269-6b0a-4479-b47e-aecdbbaa87b0', 'e32116a4-c14b-46a7-9ec1-6ca1ec183068', 'födelsedagskalasets', NULL), ('d17c541d-0cee-4de8-96db-f1a3bc355b9f', 'e32116a4-c14b-46a7-9ec1-6ca1ec183068', 'födelsedagskalasen', NULL), ('1987a1b6-3f7c-4d09-a2f6-01df7f05ae0e', 'e32116a4-c14b-46a7-9ec1-6ca1ec183068', 'födelsedagskalasens', NULL), ('b934ee6a-f6e8-4658-8dfe-f5ecb6805d80', 'e32116a4-c14b-46a7-9ec1-6ca1ec183068', 'födelsedags', NULL);
INSERT INTO Lexeme (id, word_id, definition, example, example_meaning, source) VALUES ('143467b9-8a46-4319-b28a-37b395fb2665', 'e32116a4-c14b-46a7-9ec1-6ca1ec183068', 'fest, bjudning', NULL, NULL, 'lexin-swe'), ('46c05191-0d75-442f-b921-a3c2a72c51e9', 'e32116a4-c14b-46a7-9ec1-6ca1ec183068', 'party', NULL, NULL, 'folkets-lexikon');
INSERT INTO Word (id, lemma, part_of_speech, phonetic, phonetic_voice, phonetic_url) VALUES ('67f159c2-4105-4a6b-bb91-d811ca8e3442', 'kläder', 'subst. plural', 'klạ̈:der', NULL, 'https://lexin.nada.kth.se/sound/v2/208731_1.mp3');
INSERT INTO WordIndex (id, word_id, spell, form) VALUES ('0c5d74d6-6f60-4443-a800-8e7ae9aacaa2', '67f159c2-4105-4a6b-bb91-d811ca8e3442', 'kläder', NULL), ('01823dee-7a7e-499f-87b5-b25b2961f397', '67f159c2-4105-4a6b-bb91-d811ca8e3442', 'kläderna', NULL), ('20ccaa73-d95e-4733-bf6a-d7e3786b58f0', '67f159c2-4105-4a6b-bb91-d811ca8e3442', 'klädhängare', NULL), ('a69b8822-7c02-4127-ac1c-ed7a67edb932', '67f159c2-4105-4a6b-bb91-d811ca8e3442', 'klädhängares', NULL), ('65d25345-8f53-4cc8-8c8b-83f783ea7fcf', '67f159c2-4105-4a6b-bb91-d811ca8e3442', 'klädhängaren', NULL), ('1f6527e4-d926-4e0c-a060-964223f0ada5', '67f159c2-4105-4a6b-bb91-d811ca8e3442', 'klädhängarens', NULL), ('8f8c11e9-636e-41bb-b0d1-6c4228e391b3', '67f159c2-4105-4a6b-bb91-d811ca8e3442', 'klädhängarna', NULL), ('e0159e3a-5016-4da5-b5ea-a1c70e3e9a5b', '67f159c2-4105-4a6b-bb91-d811ca8e3442', 'klädhängarnas', NULL), ('7886edf9-97ef-42d2-ab1c-bf868f72d2fd', '67f159c2-4105-4a6b-bb91-d811ca8e3442', 'kläd', NULL), ('f1f0cbeb-3cbb-46d3-882b-a12c65158372', '67f159c2-4105-4a6b-bb91-d811ca8e3442', 'hängare', NULL), ('9634494e-1175-47f1-807a-c1a294840db2', '67f159c2-4105-4a6b-bb91-d811ca8e3442', 'hängares', NULL), ('8436fd43-4ed1-459c-9407-af39d1d7d19b', '67f159c2-4105-4a6b-bb91-d811ca8e3442', 'hängaren', NULL), ('ea88d95a-6408-4e20-bc42-7f75f50b6a9c', '67f159c2-4105-4a6b-bb91-d811ca8e3442', 'hängarens', NULL), ('168c9a32-6a54-421e-8207-74bf798ac3cc', '67f159c2-4105-4a6b-bb91-d811ca8e3442', 'hängarna', NULL), ('09458139-2a8c-4a11-a789-60f78cc77639', '67f159c2-4105-4a6b-bb91-d811ca8e3442', 'hängarnas', NULL), ('4e72b1cd-6067-47d2-8d2a-2bf79f4ef1fd', '67f159c2-4105-4a6b-bb91-d811ca8e3442', 'klädskåp', NULL), ('abfc353e-188e-4957-bc3e-fe5aaee0b093', '67f159c2-4105-4a6b-bb91-d811ca8e3442', 'klädskåps', NULL), ('e4a38a70-0112-4b94-88f6-4d0f0325a736', '67f159c2-4105-4a6b-bb91-d811ca8e3442', 'klädskåpet', NULL), ('e7a590c3-9d2b-4cdb-881a-2f563139be4f', '67f159c2-4105-4a6b-bb91-d811ca8e3442', 'klädskåpets', NULL), ('1cd2a636-2ac8-4383-b667-b19b4d14e5db', '67f159c2-4105-4a6b-bb91-d811ca8e3442', 'klädskåpen', NULL), ('bb54d1e5-d961-4123-98a5-f70dd2416b9e', '67f159c2-4105-4a6b-bb91-d811ca8e3442', 'klädskåpens', NULL), ('03327f28-90ab-4832-81a8-8d8bf37916ca', '67f159c2-4105-4a6b-bb91-d811ca8e3442', 'skåp', NULL), ('e1b1a225-7890-4412-b025-de720c0315b7', '67f159c2-4105-4a6b-bb91-d811ca8e3442', 'skåps', NULL), ('94601fb9-5874-4874-ab37-57647fcdeee3', '67f159c2-4105-4a6b-bb91-d811ca8e3442', 'skåpet', NULL), ('fe236327-8a32-484f-92f9-f492cae4d80b', '67f159c2-4105-4a6b-bb91-d811ca8e3442', 'skåpets', NULL), ('997b900b-0c7e-48f9-b198-efa1e5093b46', '67f159c2-4105-4a6b-bb91-d811ca8e3442', 'skåpen', NULL), ('4e4bc1d3-add9-4ccb-949c-5a8b7a51225d', '67f159c2-4105-4a6b-bb91-d811ca8e3442', 'skåpens', NULL), ('7feb7478-a977-4085-a7b8-9aa0dc5db24e', '67f159c2-4105-4a6b-bb91-d811ca8e3442', 'arbetskläder', NULL), ('57f15031-4317-4588-8447-49b84f27723a', '67f159c2-4105-4a6b-bb91-d811ca8e3442', 'arbetskläders', NULL), ('d00ce695-ffe3-4a4b-bfc6-54c45baa804a', '67f159c2-4105-4a6b-bb91-d811ca8e3442', 'arbetskläderna', NULL), ('3387a643-8225-4ff5-8a72-faa03e01a5da', '67f159c2-4105-4a6b-bb91-d811ca8e3442', 'arbetsklädernas', NULL), ('328b890f-325a-4cb7-9b46-baed69baf415', '67f159c2-4105-4a6b-bb91-d811ca8e3442', 'arbets', NULL), ('e2ae2fe0-5379-4b28-b101-ed3b6b401aa8', '67f159c2-4105-4a6b-bb91-d811ca8e3442', 'kläders', NULL), ('119e9d22-ace0-4c46-86a8-84beda5d8e3b', '67f159c2-4105-4a6b-bb91-d811ca8e3442', 'klädernas', NULL), ('c76cf48c-28e0-49ca-aefa-2cae7bb4675f', '67f159c2-4105-4a6b-bb91-d811ca8e3442', 'barnkläder', NULL), ('c5999252-1d8d-4271-ad91-283c6c44df97', '67f159c2-4105-4a6b-bb91-d811ca8e3442', 'barnkläders', NULL), ('05f2b330-7235-4920-9e26-689a76e7ed26', '67f159c2-4105-4a6b-bb91-d811ca8e3442', 'barnkläderna', NULL), ('5f5abe0a-1798-45b8-801b-6eb5b2b7e9e6', '67f159c2-4105-4a6b-bb91-d811ca8e3442', 'barnklädernas', NULL), ('6b0abfd4-091b-43b0-be25-97dba99638fd', '67f159c2-4105-4a6b-bb91-d811ca8e3442', 'barn', NULL), ('63d4653d-4652-459d-988b-bd496514848f', '67f159c2-4105-4a6b-bb91-d811ca8e3442', 'damkläder', NULL), ('3c8a0399-4d67-4d69-ba30-40c4fcd04a7c', '67f159c2-4105-4a6b-bb91-d811ca8e3442', 'damkläders', NULL), ('48982739-688b-49d3-be71-4ce47b0f322a', '67f159c2-4105-4a6b-bb91-d811ca8e3442', 'damkläderna', NULL), ('63c58a70-4e56-4871-b1a9-c9cb64c83dd9', '67f159c2-4105-4a6b-bb91-d811ca8e3442', 'damklädernas', NULL), ('2b87a793-d552-421f-abb3-3efa4adc3e49', '67f159c2-4105-4a6b-bb91-d811ca8e3442', 'dam', NULL), ('068dfbdd-e056-4b33-b658-2a305b01a3d6', '67f159c2-4105-4a6b-bb91-d811ca8e3442', 'herrkläder', NULL), ('404ce31a-0455-44ea-b913-1d9e8a1274de', '67f159c2-4105-4a6b-bb91-d811ca8e3442', 'herrkläders', NULL), ('ece6ce08-c2a3-43c4-8b3b-3c1f71c52e24', '67f159c2-4105-4a6b-bb91-d811ca8e3442', 'herrkläderna', NULL), ('447a1183-32eb-49e3-9228-7e5d43febc4d', '67f159c2-4105-4a6b-bb91-d811ca8e3442', 'herrklädernas', NULL), ('266fbf6d-24a5-4b3f-9864-a578cfb3549e', '67f159c2-4105-4a6b-bb91-d811ca8e3442', 'herr', NULL), ('f4434786-2d99-4a96-b772-5e3c6b24a8fc', '67f159c2-4105-4a6b-bb91-d811ca8e3442', 'underkläder', NULL), ('19b5bc23-43aa-4e10-903e-8a7d49fc08f0', '67f159c2-4105-4a6b-bb91-d811ca8e3442', 'underkläders', NULL), ('90a14ecc-a40f-4394-a6c8-ab6c14a79b48', '67f159c2-4105-4a6b-bb91-d811ca8e3442', 'underkläderna', NULL), ('8d3d9e35-e0bb-4092-9933-cf35376f4020', '67f159c2-4105-4a6b-bb91-d811ca8e3442', 'underklädernas', NULL), ('ec315075-b2c4-42f4-af64-ecc9bbf96d4c', '67f159c2-4105-4a6b-bb91-d811ca8e3442', 'under', NULL), ('1a04000b-7035-448d-899d-1e2050ef55c8', '67f159c2-4105-4a6b-bb91-d811ca8e3442', 'ytterkläder', NULL), ('dc005e37-e536-4384-8bd7-8f5768a75aee', '67f159c2-4105-4a6b-bb91-d811ca8e3442', 'ytterkläders', NULL), ('9110ee6a-97c8-4f2e-afc4-d97ea0f85e34', '67f159c2-4105-4a6b-bb91-d811ca8e3442', 'ytterkläderna', NULL), ('4febc79b-328b-4821-a493-5cf2feed6b1c', '67f159c2-4105-4a6b-bb91-d811ca8e3442', 'ytterklädernas', NULL), ('d2f67f20-4528-42f9-b7ac-947082e655f0', '67f159c2-4105-4a6b-bb91-d811ca8e3442', 'ytter', NULL), ('8cf7edea-de1a-49d9-9368-9d0cb02a69c0', '67f159c2-4105-4a6b-bb91-d811ca8e3442', 'överdragskläder', NULL), ('90c13ac2-3187-48d4-93fe-382a381a0e85', '67f159c2-4105-4a6b-bb91-d811ca8e3442', 'överdragskläders', NULL), ('f7ffe1b7-0dfa-4f5a-8483-cc54ec3b2325', '67f159c2-4105-4a6b-bb91-d811ca8e3442', 'överdragskläderna', NULL), ('c9835fc3-4e4e-45b0-b084-846cff481d93', '67f159c2-4105-4a6b-bb91-d811ca8e3442', 'överdragsklädernas', NULL), ('7d96f6fd-709a-431f-8f62-d549d84a6dd1', '67f159c2-4105-4a6b-bb91-d811ca8e3442', 'överdrags', NULL);
INSERT INTO Lexeme (id, word_id, definition, example, example_meaning, source) VALUES ('c29463a2-70ac-4dda-8a71-8ccc7b0d4049', '67f159c2-4105-4a6b-bb91-d811ca8e3442', 'plagg (t.ex. byxor, kjol, skjorta) som man har på kroppen', 'hon tog på sig kläderna', NULL, 'lexin-swe');
INSERT INTO Word (id, lemma, part_of_speech, phonetic, phonetic_voice, phonetic_url) VALUES ('c73e0f32-f135-42be-9954-493692a98e0a', 'kollo', 'subst.', 'kạ̊l:å', NULL, 'https://lexin.nada.kth.se/sound/v2/210969_1.mp3');
INSERT INTO WordIndex (id, word_id, spell, form) VALUES ('13a946fa-bb6b-4b18-a946-6f5383ec7ea1', 'c73e0f32-f135-42be-9954-493692a98e0a', 'kollo', 'obest.f.sing.'), ('5a15c793-990c-432b-9ea6-ec8680c1e6c5', 'c73e0f32-f135-42be-9954-493692a98e0a', 'kollot', 'best.f.sing.'), ('7bdc3c3d-0bbc-46f3-bc1b-a0ea7f5d66da', 'c73e0f32-f135-42be-9954-493692a98e0a', 'kollon', 'obest.f.pl.'), ('d433fd23-0cf0-4007-ae9d-5c4d615983bf', 'c73e0f32-f135-42be-9954-493692a98e0a', 'kollona', 'best.f.pl.'), ('8456bad6-73a3-4f91-8ce2-2239dc4075d2', 'c73e0f32-f135-42be-9954-493692a98e0a', 'kollos', NULL), ('7e4aece7-275e-40a3-b1aa-16f5fbfc1799', 'c73e0f32-f135-42be-9954-493692a98e0a', 'kollots', NULL), ('58ccda4c-a5ba-4d2f-89c0-739bc1e28fc6', 'c73e0f32-f135-42be-9954-493692a98e0a', 'kollons', NULL), ('8062f5ce-1d53-41f4-bd7d-d4a22803e75f', 'c73e0f32-f135-42be-9954-493692a98e0a', 'kollonas', NULL), ('93df4db4-e5c5-47fe-b060-22d791fb4e06', 'c73e0f32-f135-42be-9954-493692a98e0a', 'barnkollo', NULL), ('9d5974f7-deea-49f1-8607-be5b78f29e78', 'c73e0f32-f135-42be-9954-493692a98e0a', 'barnkollos', NULL), ('452b7748-c279-4e4c-b3a8-23ba8f13cf45', 'c73e0f32-f135-42be-9954-493692a98e0a', 'barnkollot', NULL), ('00b8e2ea-ac97-4af9-82bf-78eb3cf58b4e', 'c73e0f32-f135-42be-9954-493692a98e0a', 'barnkollots', NULL), ('590c447a-ce17-4181-b822-1cd62d2df775', 'c73e0f32-f135-42be-9954-493692a98e0a', 'barnkollon', NULL), ('03f90bc4-fdd1-42f7-bb45-cbeca128cbbf', 'c73e0f32-f135-42be-9954-493692a98e0a', 'barnkollons', NULL), ('cce27df8-9190-4c5c-9859-268cffeb37f2', 'c73e0f32-f135-42be-9954-493692a98e0a', 'barnkollona', NULL), ('39d51d64-2a6d-4c5c-8c12-ef929b2e2d5e', 'c73e0f32-f135-42be-9954-493692a98e0a', 'barnkollonas', NULL), ('c706971a-37b6-4200-a80c-1228c2c94a90', 'c73e0f32-f135-42be-9954-493692a98e0a', 'barn', NULL), ('c422f565-9719-4a9e-865b-c295b315ecb8', 'c73e0f32-f135-42be-9954-493692a98e0a', 'sommarkollo', NULL), ('5b8610f1-af1e-4607-8150-e0bfe829e4fb', 'c73e0f32-f135-42be-9954-493692a98e0a', 'sommarkollos', NULL), ('e38f1555-6b91-4c4b-85af-d7fb40481b38', 'c73e0f32-f135-42be-9954-493692a98e0a', 'sommarkollot', NULL), ('8496845a-3d35-4671-a356-2d855e25b984', 'c73e0f32-f135-42be-9954-493692a98e0a', 'sommarkollots', NULL), ('e006605d-f278-49dd-ab81-9e9fe0df1fc4', 'c73e0f32-f135-42be-9954-493692a98e0a', 'sommarkollon', NULL), ('f54a16b0-054c-44c0-982c-f3aa1553c1a2', 'c73e0f32-f135-42be-9954-493692a98e0a', 'sommarkollons', NULL), ('b94ab6fb-8854-4f6f-8a03-c322382da0e0', 'c73e0f32-f135-42be-9954-493692a98e0a', 'sommarkollona', NULL), ('a58946c9-0c96-468f-ad7a-ccc97f685339', 'c73e0f32-f135-42be-9954-493692a98e0a', 'sommarkollonas', NULL), ('f359d672-53a8-467a-8e01-c8d432adb5aa', 'c73e0f32-f135-42be-9954-493692a98e0a', 'sommar', NULL);
INSERT INTO Lexeme (id, word_id, definition, example, example_meaning, source) VALUES ('4b9f9e00-dc31-4b32-af3c-f831ac208564', 'c73e0f32-f135-42be-9954-493692a98e0a', 'koloni (2)', 'på sommarlovet var han 4 veckor på kollo', NULL, 'lexin-swe'), ('9df598a9-0db0-4d14-8f67-e4ddd6486de6', 'c73e0f32-f135-42be-9954-493692a98e0a', 'children&#39;s summer camp', NULL, NULL, 'folkets-lexikon');
INSERT INTO Word (id, lemma, part_of_speech, phonetic, phonetic_voice, phonetic_url) VALUES ('f5727b54-53c2-4ab8-b826-09d14d118bdb', 'koloni', 'subst.', 'kålånị:', NULL, 'https://lexin.nada.kth.se/sound/v2/211052_1.mp3');
INSERT INTO WordIndex (id, word_id, spell, form) VALUES ('90a4399e-9487-4287-bf5c-abe393839c78', 'f5727b54-53c2-4ab8-b826-09d14d118bdb', 'koloni', 'obest.f.sing.'), ('21ffe60f-458e-4b5b-9f34-d09ce344d632', 'f5727b54-53c2-4ab8-b826-09d14d118bdb', 'kolonin', 'best.f.sing.'), ('b47e76df-af77-4618-9769-9f704095971f', 'f5727b54-53c2-4ab8-b826-09d14d118bdb', 'kolonier', 'obest.f.pl.'), ('eebeb6ef-22cc-4d15-8643-48fafd144633', 'f5727b54-53c2-4ab8-b826-09d14d118bdb', 'kolonierna', 'best.f.pl.'), ('b18c51e0-a4a9-4398-9e92-c4e56392e844', 'f5727b54-53c2-4ab8-b826-09d14d118bdb', 'kolonis', NULL), ('2a37c02a-95e6-4993-bbe0-134fa84578ef', 'f5727b54-53c2-4ab8-b826-09d14d118bdb', 'kolonins', NULL), ('b8dfa7ba-ffa4-423d-8d49-6bfafa7dad3d', 'f5727b54-53c2-4ab8-b826-09d14d118bdb', 'koloniers', NULL), ('5bcf42be-8c04-4098-ada4-b9ce75a49b27', 'f5727b54-53c2-4ab8-b826-09d14d118bdb', 'koloniernas', NULL), ('b33f42d8-18f5-4b9b-9012-09161f1cf579', 'f5727b54-53c2-4ab8-b826-09d14d118bdb', 'barnkoloni', NULL), ('237f689d-e321-4f29-a50d-769586292bfc', 'f5727b54-53c2-4ab8-b826-09d14d118bdb', 'barnkolonis', NULL), ('ff10f69a-2a2e-484b-8e19-8636c180db8b', 'f5727b54-53c2-4ab8-b826-09d14d118bdb', 'barnkolonin', NULL), ('9e9e4c8c-c01d-4650-862c-3735014f2a8d', 'f5727b54-53c2-4ab8-b826-09d14d118bdb', 'barnkolonins', NULL), ('88926f52-541e-4480-bf5f-a65c161170d2', 'f5727b54-53c2-4ab8-b826-09d14d118bdb', 'barnkolonier', NULL), ('72c8e719-eef3-43d1-8d02-de13502d3417', 'f5727b54-53c2-4ab8-b826-09d14d118bdb', 'barnkoloniers', NULL), ('a7c5f12e-0b9d-4894-a844-024772527709', 'f5727b54-53c2-4ab8-b826-09d14d118bdb', 'barnkolonierna', NULL), ('5547c6d4-da43-4ce0-b6ea-e7806207dfeb', 'f5727b54-53c2-4ab8-b826-09d14d118bdb', 'barnkoloniernas', NULL), ('2fbe9f21-b53b-4dcc-98c8-4f26a4eb185f', 'f5727b54-53c2-4ab8-b826-09d14d118bdb', 'barn', NULL), ('1baab9a8-1d83-4029-918f-367e8abfb586', 'f5727b54-53c2-4ab8-b826-09d14d118bdb', 'konstnärskoloni', NULL), ('21a9d5f2-4292-4880-9704-42d8f281ac35', 'f5727b54-53c2-4ab8-b826-09d14d118bdb', 'konstnärskolonis', NULL), ('44904548-e1e5-46be-8e67-25ad092be8a8', 'f5727b54-53c2-4ab8-b826-09d14d118bdb', 'konstnärskolonin', NULL), ('10e1bb74-aacd-4506-abec-a9edcb62f7b9', 'f5727b54-53c2-4ab8-b826-09d14d118bdb', 'konstnärskolonins', NULL), ('d6da47ea-4f6a-4955-a98a-6194f413e09b', 'f5727b54-53c2-4ab8-b826-09d14d118bdb', 'konstnärskolonier', NULL), ('07a2d50c-ee7d-4238-b88b-8dac9c6418d3', 'f5727b54-53c2-4ab8-b826-09d14d118bdb', 'konstnärskoloniers', NULL), ('659fd45b-009f-46d0-a903-4cef2041b10c', 'f5727b54-53c2-4ab8-b826-09d14d118bdb', 'konstnärskolonierna', NULL), ('be292d19-63ce-4b61-a598-77e431269087', 'f5727b54-53c2-4ab8-b826-09d14d118bdb', 'konstnärskoloniernas', NULL), ('8b632add-4263-45a4-ae31-815884e05803', 'f5727b54-53c2-4ab8-b826-09d14d118bdb', 'konstnärs', NULL), ('650022eb-0712-4cce-953d-f035568a06b0', 'f5727b54-53c2-4ab8-b826-09d14d118bdb', 'fågelkoloni', NULL), ('a8c465df-d043-42f6-9291-efc27432c68a', 'f5727b54-53c2-4ab8-b826-09d14d118bdb', 'fågelkolonis', NULL), ('dde6d21e-16d1-4626-854a-4d2c672bf274', 'f5727b54-53c2-4ab8-b826-09d14d118bdb', 'fågelkolonin', NULL), ('6db12204-9ca3-4b44-bc42-6f59e531574e', 'f5727b54-53c2-4ab8-b826-09d14d118bdb', 'fågelkolonins', NULL), ('c9488a36-821c-490c-97b4-c23069e56db9', 'f5727b54-53c2-4ab8-b826-09d14d118bdb', 'fågelkolonier', NULL), ('7f82e661-c188-410f-8cb8-878d3e4d525c', 'f5727b54-53c2-4ab8-b826-09d14d118bdb', 'fågelkoloniers', NULL), ('ba7c0d05-affe-4867-8966-26876327e2af', 'f5727b54-53c2-4ab8-b826-09d14d118bdb', 'fågelkolonierna', NULL), ('8e49fb5e-8cea-4cce-8bf4-7516eac9df6e', 'f5727b54-53c2-4ab8-b826-09d14d118bdb', 'fågelkoloniernas', NULL), ('e7c28ec6-fc4f-42fd-9189-3349d28fd248', 'f5727b54-53c2-4ab8-b826-09d14d118bdb', 'fågel', NULL);
INSERT INTO Lexeme (id, word_id, definition, example, example_meaning, source) VALUES ('64de1454-b7a8-4397-9d63-25aca5ed4481', 'f5727b54-53c2-4ab8-b826-09d14d118bdb', 'ett lands besittning utomlands; samhälle av nybyggare', 'Zimbabwe var tidigare en engelsk koloni', NULL, 'lexin-swe'), ('1b8d5c56-f877-408f-8739-de7a235f8a4f', 'f5727b54-53c2-4ab8-b826-09d14d118bdb', 'sommarhem för barn, kollo', NULL, NULL, 'lexin-swe'), ('18c66ac2-2d4c-44af-9e55-7d6d020abe96', 'f5727b54-53c2-4ab8-b826-09d14d118bdb', 'samling av människor, djur eller växter', 'den svenska kolonin i London', NULL, 'lexin-swe'), ('ee8e2e74-7ea1-4902-8225-5ccdc97212bd', 'f5727b54-53c2-4ab8-b826-09d14d118bdb', 'kolonilott', 'på helgerna åkte de ut till kolonin', NULL, 'lexin-swe'), ('04cf49c9-96be-4143-ac21-1781856caeca', 'f5727b54-53c2-4ab8-b826-09d14d118bdb', 'colony', 'engelska kolonier', 'British colonies', 'folkets-lexikon'), ('5cd89eb2-f054-4623-bd74-f06549f424e3', 'f5727b54-53c2-4ab8-b826-09d14d118bdb', 'summer (holiday) camp', NULL, NULL, 'folkets-lexikon');
INSERT INTO Word (id, lemma, part_of_speech, phonetic, phonetic_voice, phonetic_url) VALUES ('09dab147-f40e-4934-bab1-f8ed66be3f84', 'kör', 'subst.', 'kö:r', NULL, 'https://lexin.nada.kth.se/sound/v2/224365_1.mp3');
INSERT INTO WordIndex (id, word_id, spell, form) VALUES ('18401bc1-3e28-445b-93dc-bf3787bace0d', '09dab147-f40e-4934-bab1-f8ed66be3f84', 'kör', 'obest.f.sing.'), ('119ba14a-72d3-4d38-88cf-78d165d5765d', '09dab147-f40e-4934-bab1-f8ed66be3f84', 'kören', 'best.f.sing.'), ('4670d798-a711-4350-bf06-d3e7014052e2', '09dab147-f40e-4934-bab1-f8ed66be3f84', 'körer', 'obest.f.pl.'), ('dd5152dc-a1f4-48cf-9b98-abae86df6162', '09dab147-f40e-4934-bab1-f8ed66be3f84', 'körerna', 'best.f.pl.'), ('a560a8f0-4d18-4f96-8ce1-713b4b35a885', '09dab147-f40e-4934-bab1-f8ed66be3f84', 'körs', NULL), ('89d9e173-c086-4fbe-826d-df5a169714fe', '09dab147-f40e-4934-bab1-f8ed66be3f84', 'körens', NULL), ('28638ccc-1ada-4756-b1c5-62efca0c802e', '09dab147-f40e-4934-bab1-f8ed66be3f84', 'körers', NULL), ('b78264c0-3335-483a-9e7d-d065eb2bfef1', '09dab147-f40e-4934-bab1-f8ed66be3f84', 'körernas', NULL), ('5a677fe2-7e53-463d-bdc0-bcef12948afe', '09dab147-f40e-4934-bab1-f8ed66be3f84', 'barnkör', NULL), ('10df9ae3-0080-4788-ad57-09953eee3501', '09dab147-f40e-4934-bab1-f8ed66be3f84', 'barnkörs', NULL), ('c2a71cbc-1de4-4bc3-b7cf-29388d3ea32b', '09dab147-f40e-4934-bab1-f8ed66be3f84', 'barnkören', NULL), ('d78752e8-ae15-4b14-80c5-d27e554eb2b9', '09dab147-f40e-4934-bab1-f8ed66be3f84', 'barnkörens', NULL), ('315f12e5-6ded-4c15-b2b7-d810b43f97ec', '09dab147-f40e-4934-bab1-f8ed66be3f84', 'barnkörer', NULL), ('2be678d6-fe8b-4b7f-be89-43a24a7e3b5e', '09dab147-f40e-4934-bab1-f8ed66be3f84', 'barnkörers', NULL), ('d5524939-4ec9-43fa-b0b7-605b6b7cc799', '09dab147-f40e-4934-bab1-f8ed66be3f84', 'barnkörerna', NULL), ('865c4b3a-37d2-4cc0-93e2-c9878179801e', '09dab147-f40e-4934-bab1-f8ed66be3f84', 'barnkörernas', NULL), ('e08128fc-1363-4e65-b083-b3f3116ee233', '09dab147-f40e-4934-bab1-f8ed66be3f84', 'barn', NULL), ('dad4b324-b4c1-4325-a8e8-32299807aa16', '09dab147-f40e-4934-bab1-f8ed66be3f84', 'damkör', NULL), ('b096594e-cbe7-413f-8bec-b3e3d18b7de6', '09dab147-f40e-4934-bab1-f8ed66be3f84', 'damkörs', NULL), ('85cf9d38-5bd0-4b5e-8228-678b91e1241e', '09dab147-f40e-4934-bab1-f8ed66be3f84', 'damkören', NULL), ('bbbf788e-3421-4bea-8e34-ced8bfbdf55d', '09dab147-f40e-4934-bab1-f8ed66be3f84', 'damkörens', NULL), ('22fc6e5f-ddbe-43c7-b927-dba67825cf10', '09dab147-f40e-4934-bab1-f8ed66be3f84', 'damkörer', NULL), ('f3018d35-ba78-4bb9-88e2-9058c47dceb7', '09dab147-f40e-4934-bab1-f8ed66be3f84', 'damkörers', NULL), ('77348f04-f456-4841-b5a0-938e81c96d59', '09dab147-f40e-4934-bab1-f8ed66be3f84', 'damkörerna', NULL), ('dba1920e-2344-444d-8fd9-e4803f1636da', '09dab147-f40e-4934-bab1-f8ed66be3f84', 'damkörernas', NULL), ('07ee433e-4bb9-4fd8-a58e-a48316b775f6', '09dab147-f40e-4934-bab1-f8ed66be3f84', 'dam', NULL), ('033626bf-efbe-4d89-99b9-5b0a33db1df3', '09dab147-f40e-4934-bab1-f8ed66be3f84', 'körsång', NULL), ('3088635b-f7df-481a-acd0-f8128007cca4', '09dab147-f40e-4934-bab1-f8ed66be3f84', 'körsångs', NULL), ('521d09d3-f3cb-42ed-a854-b47d2e51604e', '09dab147-f40e-4934-bab1-f8ed66be3f84', 'körsången', NULL), ('925916ec-f50a-45ca-90b2-ae8d446d62a2', '09dab147-f40e-4934-bab1-f8ed66be3f84', 'körsångens', NULL), ('ad5c5f93-6421-41dc-942b-c4ea75cf1b89', '09dab147-f40e-4934-bab1-f8ed66be3f84', 'körsånger', NULL), ('cfe4d5fb-a027-48e1-81e2-6fed3d7ba6d2', '09dab147-f40e-4934-bab1-f8ed66be3f84', 'körsångers', NULL), ('bde446ec-388f-4f7e-a6d7-11624bc6f0dd', '09dab147-f40e-4934-bab1-f8ed66be3f84', 'körsångerna', NULL), ('9de9d50c-f044-44a9-b54c-c208fb5c2bd7', '09dab147-f40e-4934-bab1-f8ed66be3f84', 'körsångernas', NULL), ('bba3a869-c21f-4998-b9b4-6dff8fd78a25', '09dab147-f40e-4934-bab1-f8ed66be3f84', 'sång', NULL), ('726a3ce3-9452-4371-8bd0-14f2af468620', '09dab147-f40e-4934-bab1-f8ed66be3f84', 'sångs', NULL), ('cfec810d-afe7-4b1c-9571-75c79435ac7f', '09dab147-f40e-4934-bab1-f8ed66be3f84', 'sången', NULL), ('5b9f19bb-8d26-4db6-b437-f4190762e246', '09dab147-f40e-4934-bab1-f8ed66be3f84', 'sångens', NULL), ('3c6727f6-1425-425c-bf1b-a44805f16d00', '09dab147-f40e-4934-bab1-f8ed66be3f84', 'sånger', NULL), ('b96277e3-0fce-41fc-be0c-05e6ad21720c', '09dab147-f40e-4934-bab1-f8ed66be3f84', 'sångers', NULL), ('80929e19-f5df-4b36-95ef-97d95787a6ff', '09dab147-f40e-4934-bab1-f8ed66be3f84', 'sångerna', NULL), ('c6affba5-3a5b-4983-bd77-e4413a12affd', '09dab147-f40e-4934-bab1-f8ed66be3f84', 'sångernas', NULL), ('018ecacd-8072-4948-a12a-6f8ca9395bfe', '09dab147-f40e-4934-bab1-f8ed66be3f84', 'manskör', NULL), ('14ac5173-eb94-4cbf-85dd-65199d6fe440', '09dab147-f40e-4934-bab1-f8ed66be3f84', 'manskörs', NULL), ('6776fde6-0127-4922-b196-ff8adf2303fc', '09dab147-f40e-4934-bab1-f8ed66be3f84', 'manskören', NULL), ('3eee903c-922a-4315-b629-9bf04d873654', '09dab147-f40e-4934-bab1-f8ed66be3f84', 'manskörens', NULL), ('ca0cfc6a-640f-494b-80cd-cb330d96114d', '09dab147-f40e-4934-bab1-f8ed66be3f84', 'manskörer', NULL), ('fa4e025c-41df-43e0-aa6f-9e4f8f78747f', '09dab147-f40e-4934-bab1-f8ed66be3f84', 'manskörers', NULL), ('5542f1be-a2af-4e96-a10b-5ba194048695', '09dab147-f40e-4934-bab1-f8ed66be3f84', 'manskörerna', NULL), ('1ad04b0b-8944-40d0-8e80-3233685d32c3', '09dab147-f40e-4934-bab1-f8ed66be3f84', 'manskörernas', NULL), ('508a89a0-8d23-4fde-a27e-078f6b5e9cd0', '09dab147-f40e-4934-bab1-f8ed66be3f84', 'mans', NULL), ('d447a2c4-6867-4946-b439-273a045a211f', '09dab147-f40e-4934-bab1-f8ed66be3f84', 'talkör', NULL), ('edc1d8ea-fb7b-4341-968f-0bb899a0bb83', '09dab147-f40e-4934-bab1-f8ed66be3f84', 'talkörs', NULL), ('87545675-1c8f-4008-ba6c-e618a4d70675', '09dab147-f40e-4934-bab1-f8ed66be3f84', 'talkören', NULL), ('be5c266c-c723-4781-a505-1e47eccfadb6', '09dab147-f40e-4934-bab1-f8ed66be3f84', 'talkörens', NULL), ('75097f9e-55ff-4af4-898b-456985c74589', '09dab147-f40e-4934-bab1-f8ed66be3f84', 'talkörer', NULL), ('ccc80412-0485-46eb-a10d-fdba67e4c947', '09dab147-f40e-4934-bab1-f8ed66be3f84', 'talkörers', NULL), ('7ecf9975-eecf-431d-8f2c-711960078132', '09dab147-f40e-4934-bab1-f8ed66be3f84', 'talkörerna', NULL), ('1e503d53-aae5-49b1-8358-f40431f3620c', '09dab147-f40e-4934-bab1-f8ed66be3f84', 'talkörernas', NULL), ('214f0feb-7d4a-4d3b-82bb-a305011ea7bd', '09dab147-f40e-4934-bab1-f8ed66be3f84', 'tal', NULL);
INSERT INTO Lexeme (id, word_id, definition, example, example_meaning, source) VALUES ('58c0dc41-48d0-4654-88a7-b198b524b2cb', '09dab147-f40e-4934-bab1-f8ed66be3f84', 'grupp personer som sjunger (eller talar) tillsammans', 'kören sjöng julsånger i kyrkan', NULL, 'lexin-swe'), ('2745f584-17b4-4e9a-93bc-230bda9cffe1', '09dab147-f40e-4934-bab1-f8ed66be3f84', 'choir', NULL, NULL, 'folkets-lexikon');
INSERT INTO Word (id, lemma, part_of_speech, phonetic, phonetic_voice, phonetic_url) VALUES ('96bdde48-1777-4dc0-b6e8-48de84c8c6fe', 'lada', 'subst.', '²lạ:da', NULL, 'https://lexin.nada.kth.se/sound/v2/224931_1.mp3');
INSERT INTO WordIndex (id, word_id, spell, form) VALUES ('5216becc-0769-49cb-9adc-ed43bf4f128a', '96bdde48-1777-4dc0-b6e8-48de84c8c6fe', 'lada', 'obest.f.sing.'), ('45975189-f037-4077-8a25-d9a39eda42bc', '96bdde48-1777-4dc0-b6e8-48de84c8c6fe', 'ladan', 'best.f.sing.'), ('dbce4a62-855b-4e44-a5d9-eaf4373ffefe', '96bdde48-1777-4dc0-b6e8-48de84c8c6fe', 'lador', 'obest.f.pl.'), ('aeb71a03-7944-4595-9bd1-341f5ecaaae5', '96bdde48-1777-4dc0-b6e8-48de84c8c6fe', 'ladorna', 'best.f.pl.'), ('0608b036-8b6e-4bef-a944-b5b8ea2bc43c', '96bdde48-1777-4dc0-b6e8-48de84c8c6fe', 'ladas', NULL), ('89830216-79e4-42df-b094-661bf8609516', '96bdde48-1777-4dc0-b6e8-48de84c8c6fe', 'ladans', NULL), ('d4cef999-d8e8-446d-841c-74ac1952a9dd', '96bdde48-1777-4dc0-b6e8-48de84c8c6fe', 'ladors', NULL), ('b61fab26-8996-4fa3-82d6-5e2c538cfb3e', '96bdde48-1777-4dc0-b6e8-48de84c8c6fe', 'ladornas', NULL);
INSERT INTO Lexeme (id, word_id, definition, example, example_meaning, source) VALUES ('85e734da-b3de-4250-90dd-fb58c05e9a16', '96bdde48-1777-4dc0-b6e8-48de84c8c6fe', 'byggnad där man förvarar hö, halm etc.', NULL, NULL, 'lexin-swe'), ('f032c041-c18e-4dba-95c0-401189b5f009', '96bdde48-1777-4dc0-b6e8-48de84c8c6fe', 'barn', NULL, NULL, 'folkets-lexikon');
INSERT INTO Word (id, lemma, part_of_speech, phonetic, phonetic_voice, phonetic_url) VALUES ('baa00e55-d29e-4bb4-896d-d7cc9e35cefb', 'ladu|gård', 'subst.', '²lạ:dugå:r‿d', NULL, 'https://lexin.nada.kth.se/sound/v2/224967_1.mp3');
INSERT INTO WordIndex (id, word_id, spell, form) VALUES ('7fe5a902-3338-4730-b0d6-986b9053aa7a', 'baa00e55-d29e-4bb4-896d-d7cc9e35cefb', 'lagård', NULL), ('fc205adf-158b-4b96-919d-c33035c90519', 'baa00e55-d29e-4bb4-896d-d7cc9e35cefb', 'ladugård', 'obest.f.sing.'), ('177b2d4b-7f92-4d08-b57d-7462e23ac312', 'baa00e55-d29e-4bb4-896d-d7cc9e35cefb', 'ladugården', NULL), ('c0e16357-fcad-4af3-9499-3a84507a0129', 'baa00e55-d29e-4bb4-896d-d7cc9e35cefb', 'lagården', NULL), ('e4cc6654-90f6-4aad-9af7-4a713130c149', 'baa00e55-d29e-4bb4-896d-d7cc9e35cefb', 'ladugårdar', NULL), ('38dca9cb-80b0-472e-b563-c3a052a3ad5a', 'baa00e55-d29e-4bb4-896d-d7cc9e35cefb', 'lagårdar', NULL), ('24b80323-1787-49d5-b777-9b56dba32f5c', 'baa00e55-d29e-4bb4-896d-d7cc9e35cefb', 'ladugårdarna', NULL), ('f27087cd-006f-4cb2-83da-2ed03be9e804', 'baa00e55-d29e-4bb4-896d-d7cc9e35cefb', 'lagårdarna', NULL), ('63f5b19f-a393-4f1d-b4ce-1a42e8af6d69', 'baa00e55-d29e-4bb4-896d-d7cc9e35cefb', 'lagårds', NULL), ('30123527-e4aa-42c1-a681-c400a06a700a', 'baa00e55-d29e-4bb4-896d-d7cc9e35cefb', 'ladugårds', NULL), ('4a768e52-e3b5-40b1-8ec5-991dd59833dc', 'baa00e55-d29e-4bb4-896d-d7cc9e35cefb', 'ladugårdens', NULL), ('6f65eb94-61e5-479d-89bd-d5f62e3b43c7', 'baa00e55-d29e-4bb4-896d-d7cc9e35cefb', 'lagårdens', NULL), ('878998b0-4154-4530-9bd8-d127fb332f73', 'baa00e55-d29e-4bb4-896d-d7cc9e35cefb', 'ladugårdars', NULL), ('50f76a91-fa45-4b2c-8ae5-05f1f7c6d249', 'baa00e55-d29e-4bb4-896d-d7cc9e35cefb', 'lagårdars', NULL), ('d5feece3-4e39-4618-80fa-45f02651fd5a', 'baa00e55-d29e-4bb4-896d-d7cc9e35cefb', 'ladugårdarnas', NULL), ('4d47a46e-2bd6-46ae-b028-431706a75b01', 'baa00e55-d29e-4bb4-896d-d7cc9e35cefb', 'lagårdarnas', NULL);
INSERT INTO Lexeme (id, word_id, definition, example, example_meaning, source) VALUES ('6f86adb6-dc1f-4d9b-9efe-4051d94d2229', 'baa00e55-d29e-4bb4-896d-d7cc9e35cefb', 'byggnad för kor (på en bondgård)', NULL, NULL, 'lexin-swe'), ('cced7c33-a63a-441b-a19f-a3e2c2fa6bed', 'baa00e55-d29e-4bb4-896d-d7cc9e35cefb', 'barn', NULL, NULL, 'folkets-lexikon');
INSERT INTO Word (id, lemma, part_of_speech, phonetic, phonetic_voice, phonetic_url) VALUES ('a11e6cc9-5ce3-4810-947e-3dd23b794662', 'loge', 'subst.', 'lå:ʃ', NULL, 'https://lexin.nada.kth.se/sound/v2/231320_1.mp3');
INSERT INTO WordIndex (id, word_id, spell, form) VALUES ('a6276e46-d274-4f3c-ad12-29b5c85c402e', 'a11e6cc9-5ce3-4810-947e-3dd23b794662', 'loge', 'obest.f.sing.'), ('017ffa4a-92a6-406b-8d49-841eb330d71a', 'a11e6cc9-5ce3-4810-947e-3dd23b794662', 'logen', 'best.f.sing.'), ('f1769402-9c31-4bb8-a415-50fff04d6d41', 'a11e6cc9-5ce3-4810-947e-3dd23b794662', 'loger', 'obest.f.pl.'), ('14aed165-7bfc-4ccc-8d05-04588c08a5c8', 'a11e6cc9-5ce3-4810-947e-3dd23b794662', 'logerna', 'best.f.pl.'), ('7527c271-d09f-4314-8531-33eb20d9ea00', 'a11e6cc9-5ce3-4810-947e-3dd23b794662', 'loges', NULL), ('888aac41-30a7-4ec0-ae5e-c1f573cd478e', 'a11e6cc9-5ce3-4810-947e-3dd23b794662', 'logens', NULL), ('eb9c6777-151d-4498-8185-d04845895aba', 'a11e6cc9-5ce3-4810-947e-3dd23b794662', 'logers', NULL), ('7e4ad463-4bfb-4f1e-ae9f-a79edff3f691', 'a11e6cc9-5ce3-4810-947e-3dd23b794662', 'logernas', NULL);
INSERT INTO Lexeme (id, word_id, definition, example, example_meaning, source) VALUES ('78632866-d139-4aea-9864-fd1106650e78', 'a11e6cc9-5ce3-4810-947e-3dd23b794662', 'omklädningsrum på teater; avgränsat utrymme med sittplatser på teater', 'kungafamiljen sitter i en särskild loge vid scenen', NULL, 'lexin-swe'), ('09b09dcf-160f-4c21-bc17-c86662f64918', 'a11e6cc9-5ce3-4810-947e-3dd23b794662', 'dressing room, box (at the theatre)', NULL, NULL, 'folkets-lexikon'), ('b07ef8ea-1f42-45ca-a860-f657b0a81df4', 'a11e6cc9-5ce3-4810-947e-3dd23b794662', 'barn', NULL, NULL, 'folkets-lexikon');
INSERT INTO Word (id, lemma, part_of_speech, phonetic, phonetic_voice, phonetic_url) VALUES ('f7584eb8-7425-41e8-9816-6312cee37aa3', 'loge', 'subst.', '²lọ:ge', NULL, 'https://lexin.nada.kth.se/sound/v2/231318_1.mp3');
INSERT INTO WordIndex (id, word_id, spell, form) VALUES ('918eeb5b-f61c-487c-9ccb-0e1ef2956935', 'f7584eb8-7425-41e8-9816-6312cee37aa3', 'loge', 'obest.f.sing.'), ('6968c1b9-2736-421f-a4ae-dd1e040ec6f7', 'f7584eb8-7425-41e8-9816-6312cee37aa3', 'logen', 'best.f.sing.'), ('2ee81311-5618-42b8-97d8-85e28e9f2c1f', 'f7584eb8-7425-41e8-9816-6312cee37aa3', 'logar', 'obest.f.pl.'), ('f17957b3-7dcc-490a-9bac-cb558ee9e09e', 'f7584eb8-7425-41e8-9816-6312cee37aa3', 'logarna', 'best.f.pl.'), ('bb3dd6d5-27fe-47b5-b284-dcc7be539c5f', 'f7584eb8-7425-41e8-9816-6312cee37aa3', 'loges', NULL), ('834d8600-dff0-4e0d-a244-0e184b78f229', 'f7584eb8-7425-41e8-9816-6312cee37aa3', 'logens', NULL), ('fcae1a3a-76d3-41b2-b43e-a1224cd17c3a', 'f7584eb8-7425-41e8-9816-6312cee37aa3', 'logars', NULL), ('19fde940-7f31-420d-8456-28df768f9721', 'f7584eb8-7425-41e8-9816-6312cee37aa3', 'logarnas', NULL), ('2ee29f94-1fd1-41c1-bb3b-20712db5055b', 'f7584eb8-7425-41e8-9816-6312cee37aa3', 'logdans', NULL), ('b28707eb-c6fb-48df-b6a0-366450b3ea6a', 'f7584eb8-7425-41e8-9816-6312cee37aa3', 'logdansen', NULL), ('f6f72d03-4ba5-4c7d-b5f2-a254f7440cbd', 'f7584eb8-7425-41e8-9816-6312cee37aa3', 'logdansens', NULL), ('181e2acc-44c5-4b03-aabb-a129029dc6f6', 'f7584eb8-7425-41e8-9816-6312cee37aa3', 'logdanser', NULL), ('df1fd164-5eee-4b1e-b694-d0864d597500', 'f7584eb8-7425-41e8-9816-6312cee37aa3', 'logdansers', NULL), ('930f133d-21fb-4087-a5d0-f8617135ea6f', 'f7584eb8-7425-41e8-9816-6312cee37aa3', 'logdanserna', NULL), ('89b44bea-da5d-4803-bd35-3a0426756cff', 'f7584eb8-7425-41e8-9816-6312cee37aa3', 'logdansernas', NULL), ('178c1903-2339-4215-acb4-f94055148c6e', 'f7584eb8-7425-41e8-9816-6312cee37aa3', 'log', NULL), ('efb5f3ef-3b30-4a94-b7a6-2f847af4271c', 'f7584eb8-7425-41e8-9816-6312cee37aa3', 'dans', NULL), ('b7ace4ba-f31d-486d-a703-ae8b10a0eca5', 'f7584eb8-7425-41e8-9816-6312cee37aa3', 'dansen', NULL), ('0e810c0d-dfac-4fd4-9ec6-c5b41316cebf', 'f7584eb8-7425-41e8-9816-6312cee37aa3', 'dansens', NULL), ('8355230e-ccd3-437e-adc1-aacd5928c50a', 'f7584eb8-7425-41e8-9816-6312cee37aa3', 'danser', NULL), ('ef67f551-12e9-4002-9bd3-eb414acce31f', 'f7584eb8-7425-41e8-9816-6312cee37aa3', 'dansers', NULL), ('d920afc6-87b9-419b-8150-9615b700577b', 'f7584eb8-7425-41e8-9816-6312cee37aa3', 'danserna', NULL), ('1b4fbfd3-428c-45d3-a6c3-a74c84d924b1', 'f7584eb8-7425-41e8-9816-6312cee37aa3', 'dansernas', NULL);
INSERT INTO Lexeme (id, word_id, definition, example, example_meaning, source) VALUES ('0743ddc3-0530-4cc4-b9b5-9d046f371898', 'f7584eb8-7425-41e8-9816-6312cee37aa3', 'utrymme i en ladugård för säd som inte tröskats', 'dans på logen', NULL, 'lexin-swe'), ('e01f0f7f-2d17-4530-aa50-af7cb3233fec', 'f7584eb8-7425-41e8-9816-6312cee37aa3', 'dressing room, box (at the theatre)', NULL, NULL, 'folkets-lexikon'), ('49259765-be30-4b5b-b097-b00026f57cbf', 'f7584eb8-7425-41e8-9816-6312cee37aa3', 'barn', NULL, NULL, 'folkets-lexikon');
INSERT INTO Word (id, lemma, part_of_speech, phonetic, phonetic_voice, phonetic_url) VALUES ('31708ecf-5abc-443b-b45b-076fa8cc07c4', 'miss|handel', 'subst.', '²mịs:han:del', NULL, 'https://lexin.nada.kth.se/sound/v2/245586_1.mp3');
INSERT INTO WordIndex (id, word_id, spell, form) VALUES ('732816bf-a9fd-49e0-8e81-957abdba7a1d', '31708ecf-5abc-443b-b45b-076fa8cc07c4', 'misshandel', 'obest.f.sing.'), ('e68b4f4c-ec37-4584-816c-61446a59ba0c', '31708ecf-5abc-443b-b45b-076fa8cc07c4', 'misshandeln', 'best.f.sing.'), ('6bdf361d-8164-40be-9979-26e8498f6175', '31708ecf-5abc-443b-b45b-076fa8cc07c4', 'misshandels', NULL), ('8e99270e-dafc-4b77-b6de-4f0561aff3a7', '31708ecf-5abc-443b-b45b-076fa8cc07c4', 'misshandelns', NULL), ('eeb54a09-a7d6-4e90-9b48-89931296b709', '31708ecf-5abc-443b-b45b-076fa8cc07c4', 'barnmisshandel', NULL), ('e20fd29d-64e1-4212-a173-e6e7bee2a328', '31708ecf-5abc-443b-b45b-076fa8cc07c4', 'barnmisshandels', NULL), ('e406c917-24f3-4ad7-9a6e-1ccbea77710a', '31708ecf-5abc-443b-b45b-076fa8cc07c4', 'barnmisshandeln', NULL), ('5ae82fd0-8c5c-473a-a114-a11882851d04', '31708ecf-5abc-443b-b45b-076fa8cc07c4', 'barnmisshandelns', NULL), ('9301f26e-fe8e-403c-ae00-5a41c8867348', '31708ecf-5abc-443b-b45b-076fa8cc07c4', 'barn', NULL), ('1bd04b22-8845-4d3a-ab71-8bb875454d71', '31708ecf-5abc-443b-b45b-076fa8cc07c4', 'kvinnomisshandel', NULL), ('2da4d0a7-ca2f-4674-ade6-1d17c84060a6', '31708ecf-5abc-443b-b45b-076fa8cc07c4', 'kvinnomisshandels', NULL), ('fdec3913-7e13-45ea-b9b6-95b7a380a746', '31708ecf-5abc-443b-b45b-076fa8cc07c4', 'kvinnomisshandeln', NULL), ('c36fa33b-cfe4-4410-901a-b52d1306c023', '31708ecf-5abc-443b-b45b-076fa8cc07c4', 'kvinnomisshandelns', NULL), ('51ba10df-9342-46e6-944c-f30753c87aec', '31708ecf-5abc-443b-b45b-076fa8cc07c4', 'kvinno', NULL);
INSERT INTO Lexeme (id, word_id, definition, example, example_meaning, source) VALUES ('a8906b22-9b83-4760-86fb-4683846cd2ec', '31708ecf-5abc-443b-b45b-076fa8cc07c4', 'fysiskt våld som leder till skador på kroppen', 'grov misshandel', NULL, 'lexin-swe');
INSERT INTO Word (id, lemma, part_of_speech, phonetic, phonetic_voice, phonetic_url) VALUES ('d6ec79cd-8282-4a4c-96fa-acdc8bc1c359', 'möbel', 'subst.', 'mọ̈:bel', NULL, 'https://lexin.nada.kth.se/sound/v2/253007_1.mp3');
INSERT INTO WordIndex (id, word_id, spell, form) VALUES ('09412873-8a00-42df-ba84-a15aa596820f', 'd6ec79cd-8282-4a4c-96fa-acdc8bc1c359', 'möbel', 'obest.f.sing.'), ('7b5e92a0-7707-43a9-b57f-0b648e3f5729', 'd6ec79cd-8282-4a4c-96fa-acdc8bc1c359', 'möbeln', 'best.f.sing.'), ('95ab3116-6b2e-4ab9-8cfe-c627444836c0', 'd6ec79cd-8282-4a4c-96fa-acdc8bc1c359', 'möbler', 'obest.f.pl.'), ('a96713f8-5f13-455a-95d8-01c14359ae6b', 'd6ec79cd-8282-4a4c-96fa-acdc8bc1c359', 'möblerna', 'best.f.pl.'), ('fef4d7d9-62db-41f5-ab25-a76b6b06d06f', 'd6ec79cd-8282-4a4c-96fa-acdc8bc1c359', 'möbels', NULL), ('833ad59c-d73c-45c3-887d-42e6d43ae562', 'd6ec79cd-8282-4a4c-96fa-acdc8bc1c359', 'möbelns', NULL), ('5f29e080-8f8d-42c8-9d89-3930ed924f92', 'd6ec79cd-8282-4a4c-96fa-acdc8bc1c359', 'möblers', NULL), ('11e0d1d0-f594-4a43-b08f-f74842b4e54a', 'd6ec79cd-8282-4a4c-96fa-acdc8bc1c359', 'möblernas', NULL), ('d2c301ea-b3cf-4882-bae9-0ec61adda69a', 'd6ec79cd-8282-4a4c-96fa-acdc8bc1c359', 'matsalsmöbel', NULL), ('3fce77b5-4ef6-417d-8a19-1e31ff57dd90', 'd6ec79cd-8282-4a4c-96fa-acdc8bc1c359', 'matsalsmöbels', NULL), ('7c9b9d6b-eae2-4984-986f-363621195b8b', 'd6ec79cd-8282-4a4c-96fa-acdc8bc1c359', 'matsalsmöbeln', NULL), ('a751343e-28d3-4a71-95ce-6afbe692fb76', 'd6ec79cd-8282-4a4c-96fa-acdc8bc1c359', 'matsalsmöbelns', NULL), ('49be6550-c68c-498c-96f9-6f6b788905e8', 'd6ec79cd-8282-4a4c-96fa-acdc8bc1c359', 'matsalsmöbler', NULL), ('a44fe881-bec7-4fe9-a08d-935ebe32eabb', 'd6ec79cd-8282-4a4c-96fa-acdc8bc1c359', 'matsalsmöblers', NULL), ('04f5f219-dd82-4a5a-9692-76042e80eb97', 'd6ec79cd-8282-4a4c-96fa-acdc8bc1c359', 'matsalsmöblerna', NULL), ('ffbc22e5-4849-477d-96a7-17a00b24dc5e', 'd6ec79cd-8282-4a4c-96fa-acdc8bc1c359', 'matsalsmöblernas', NULL), ('05af6125-6075-4a0a-9f3a-599ac8b926e3', 'd6ec79cd-8282-4a4c-96fa-acdc8bc1c359', 'matsals', NULL), ('24704cd8-fbc8-491f-85b2-40bf95a455e6', 'd6ec79cd-8282-4a4c-96fa-acdc8bc1c359', 'möbelaffär', NULL), ('3fde3950-af21-402e-bb63-45a56e219993', 'd6ec79cd-8282-4a4c-96fa-acdc8bc1c359', 'möbelaffärs', NULL), ('b82b5b10-b548-4a01-ae13-7f46c69ced15', 'd6ec79cd-8282-4a4c-96fa-acdc8bc1c359', 'möbelaffären', NULL), ('bc172d58-1660-4031-a071-67e3d6022862', 'd6ec79cd-8282-4a4c-96fa-acdc8bc1c359', 'möbelaffärens', NULL), ('45b0e66c-44bf-4791-b592-81638fd71eb4', 'd6ec79cd-8282-4a4c-96fa-acdc8bc1c359', 'möbelaffärer', NULL), ('285d745e-0702-4e25-98b6-3e49f5b6f115', 'd6ec79cd-8282-4a4c-96fa-acdc8bc1c359', 'möbelaffärers', NULL), ('7db016e7-d2f4-4278-ad94-b41bbf344497', 'd6ec79cd-8282-4a4c-96fa-acdc8bc1c359', 'möbelaffärerna', NULL), ('4f47b1a9-8476-4b2e-8cd0-09addf672246', 'd6ec79cd-8282-4a4c-96fa-acdc8bc1c359', 'möbelaffärernas', NULL), ('99fef37d-06fa-4196-bb54-763785116d49', 'd6ec79cd-8282-4a4c-96fa-acdc8bc1c359', 'affär', NULL), ('416bc796-b9d5-4fb6-a81f-b9f1094968c7', 'd6ec79cd-8282-4a4c-96fa-acdc8bc1c359', 'affärs', NULL), ('9d27e6e2-eae4-4e33-b162-7a7da62ce90a', 'd6ec79cd-8282-4a4c-96fa-acdc8bc1c359', 'affären', NULL), ('1369640e-08c6-4c3a-90f2-6069f74f7945', 'd6ec79cd-8282-4a4c-96fa-acdc8bc1c359', 'affärens', NULL), ('9cb384e6-fa97-48dc-93f3-14143f26317c', 'd6ec79cd-8282-4a4c-96fa-acdc8bc1c359', 'affärer', NULL), ('f09c377f-7abc-4ade-8c98-1a88c4b0454b', 'd6ec79cd-8282-4a4c-96fa-acdc8bc1c359', 'affärers', NULL), ('db4e1916-92a6-43e4-bc7a-b9d6838727bb', 'd6ec79cd-8282-4a4c-96fa-acdc8bc1c359', 'affärerna', NULL), ('12902c2d-e733-434b-a702-729d5dbe4ab1', 'd6ec79cd-8282-4a4c-96fa-acdc8bc1c359', 'affärernas', NULL), ('744b0524-8986-4fdd-aa70-a8673fb04789', 'd6ec79cd-8282-4a4c-96fa-acdc8bc1c359', 'sittmöbel', NULL), ('4cf83ba0-7070-49dd-ae2e-593a62627524', 'd6ec79cd-8282-4a4c-96fa-acdc8bc1c359', 'sittmöbels', NULL), ('e84a9b9c-42fa-469c-af16-b20b5ebfdda5', 'd6ec79cd-8282-4a4c-96fa-acdc8bc1c359', 'sittmöbeln', NULL), ('eb141b1d-bea7-4447-9853-994a4868a032', 'd6ec79cd-8282-4a4c-96fa-acdc8bc1c359', 'sittmöbelns', NULL), ('1ab9661e-8ea6-4bfa-b4c6-702cbfbbf131', 'd6ec79cd-8282-4a4c-96fa-acdc8bc1c359', 'sittmöbler', NULL), ('c57a6089-3453-4d0e-bf61-a13a8d0f072b', 'd6ec79cd-8282-4a4c-96fa-acdc8bc1c359', 'sittmöblers', NULL), ('e3ef5c72-aacf-4ee0-bb1e-1414b8170319', 'd6ec79cd-8282-4a4c-96fa-acdc8bc1c359', 'sittmöblerna', NULL), ('1d6144f4-24dd-48b3-8472-ba4797080da1', 'd6ec79cd-8282-4a4c-96fa-acdc8bc1c359', 'sittmöblernas', NULL), ('6595ae2b-5c2b-4248-b0f2-77c54d625bf6', 'd6ec79cd-8282-4a4c-96fa-acdc8bc1c359', 'sitt', NULL);
INSERT INTO Lexeme (id, word_id, definition, example, example_meaning, source) VALUES ('1aeb728b-c59b-4554-ba44-083377a23f2d', 'd6ec79cd-8282-4a4c-96fa-acdc8bc1c359', 'större föremål som hör till inredningen i ett hem (t.ex. stol, bord)', 'de åkte till IKEA och köpte möbler', NULL, 'lexin-swe'), ('ff075997-9439-46ff-9ac5-8afb7564853d', 'd6ec79cd-8282-4a4c-96fa-acdc8bc1c359', 'piece of furniture', NULL, NULL, 'folkets-lexikon');
INSERT INTO Word (id, lemma, part_of_speech, phonetic, phonetic_voice, phonetic_url) VALUES ('bb584352-b510-42e5-b07b-ab1ba30c1e94', 'om|sorg', 'subst.', '²ạ̊m:sår:j', NULL, 'https://lexin.nada.kth.se/sound/v2/268713_1.mp3');
INSERT INTO WordIndex (id, word_id, spell, form) VALUES ('1fdf0975-d36f-4d2f-91b7-dd88f7373a84', 'bb584352-b510-42e5-b07b-ab1ba30c1e94', 'omsorg', 'obest.f.sing.'), ('f152bee0-37f4-4192-a3e3-55a43ef16518', 'bb584352-b510-42e5-b07b-ab1ba30c1e94', 'omsorgen', 'best.f.sing.'), ('a6b99aa9-e502-42ed-a274-af9f85e0743f', 'bb584352-b510-42e5-b07b-ab1ba30c1e94', 'omsorgs', NULL), ('e241c1a2-9bba-48cc-b2a0-5eacd16430a2', 'bb584352-b510-42e5-b07b-ab1ba30c1e94', 'omsorgens', NULL), ('5e6a501f-adff-4fba-b711-d382b7fecb5e', 'bb584352-b510-42e5-b07b-ab1ba30c1e94', 'barnomsorg', NULL), ('e32365d1-924d-47c8-90e5-59a9c6cdbf58', 'bb584352-b510-42e5-b07b-ab1ba30c1e94', 'barnomsorgs', NULL), ('ff519b0f-050c-495d-85f6-4d89285f78d7', 'bb584352-b510-42e5-b07b-ab1ba30c1e94', 'barnomsorgen', NULL), ('d9e8c16c-9657-4641-98ab-3168b5bdf762', 'bb584352-b510-42e5-b07b-ab1ba30c1e94', 'barnomsorgens', NULL), ('72530c5e-8e7f-47f7-8f38-9812cb24b01c', 'bb584352-b510-42e5-b07b-ab1ba30c1e94', 'barnomsorger', NULL), ('54e670a1-0f92-448d-84a2-77c1b30d6b69', 'bb584352-b510-42e5-b07b-ab1ba30c1e94', 'barnomsorgers', NULL), ('2caed2bf-e3ce-43e6-8f08-747bc2985995', 'bb584352-b510-42e5-b07b-ab1ba30c1e94', 'barnomsorgerna', NULL), ('da02892d-5f93-48e6-a9ba-a04677e92941', 'bb584352-b510-42e5-b07b-ab1ba30c1e94', 'barnomsorgernas', NULL), ('5bd5a20b-ec2c-431b-bec2-6a323f3d523d', 'bb584352-b510-42e5-b07b-ab1ba30c1e94', 'barn', NULL), ('30ae5195-21a8-4b63-81b4-6919b3fef779', 'bb584352-b510-42e5-b07b-ab1ba30c1e94', 'omsorger', NULL), ('8f0fbd97-b9f0-40d1-b6e7-174e3fa0e38c', 'bb584352-b510-42e5-b07b-ab1ba30c1e94', 'omsorgers', NULL), ('e9bf49f7-d7ea-4866-8815-f867fa037ba1', 'bb584352-b510-42e5-b07b-ab1ba30c1e94', 'omsorgerna', NULL), ('fb676eb5-ebb0-42a5-b1d1-8e5a796d0db3', 'bb584352-b510-42e5-b07b-ab1ba30c1e94', 'omsorgernas', NULL);
INSERT INTO Lexeme (id, word_id, definition, example, example_meaning, source) VALUES ('b65011e9-3689-4e0d-b31c-ae06ded1578e', 'bb584352-b510-42e5-b07b-ab1ba30c1e94', 'vård och skötsel', 'partiet upprepade hela tiden mantrat "Skola, vård, omsorg"', NULL, 'lexin-swe'), ('6236c07c-5af4-47be-b80a-ced1a2216afe', 'bb584352-b510-42e5-b07b-ab1ba30c1e94', 'noggrannhet', 'hon valde tyget med omsorg', NULL, 'lexin-swe');
INSERT INTO Word (id, lemma, part_of_speech, phonetic, phonetic_voice, phonetic_url) VALUES ('23006243-45e5-4473-94df-9d55e67a1836', 'portion', 'subst.', 'por‿tʃọ:n', NULL, 'https://lexin.nada.kth.se/sound/v2/283444_1.mp3');
INSERT INTO WordIndex (id, word_id, spell, form) VALUES ('b07917e4-b3ce-46ee-b413-696f31693fbc', '23006243-45e5-4473-94df-9d55e67a1836', 'portion', 'obest.f.sing.'), ('3182cf98-76c0-4b0d-b57f-cd533be615f1', '23006243-45e5-4473-94df-9d55e67a1836', 'portionen', 'best.f.sing.'), ('b8c2b4c5-af1e-42ef-8fe8-0499769137bd', '23006243-45e5-4473-94df-9d55e67a1836', 'portioner', 'obest.f.pl.'), ('ad992f2a-cff9-4851-a9e7-58547721ab8d', '23006243-45e5-4473-94df-9d55e67a1836', 'portionerna', 'best.f.pl.'), ('99193e0e-f9f8-4356-9494-14f7bf7318c2', '23006243-45e5-4473-94df-9d55e67a1836', 'portions', NULL), ('98d61bc9-82f2-4a42-afdd-58b6b67dcb3a', '23006243-45e5-4473-94df-9d55e67a1836', 'portionens', NULL), ('04f8171d-16ea-49ba-b07c-eac30edaac25', '23006243-45e5-4473-94df-9d55e67a1836', 'portioners', NULL), ('4d343085-d69b-4962-b626-a79b75eda5fa', '23006243-45e5-4473-94df-9d55e67a1836', 'portionernas', NULL), ('19331c10-992a-441d-9f7b-20171a9fa63b', '23006243-45e5-4473-94df-9d55e67a1836', 'portionsbit', NULL), ('0abb068b-6013-45a0-b678-447e4462806c', '23006243-45e5-4473-94df-9d55e67a1836', 'portionsbits', NULL), ('952a9127-33c2-4d2d-ae1f-0353ed0d7e0a', '23006243-45e5-4473-94df-9d55e67a1836', 'portionsbiten', NULL), ('a3e47988-e7ab-4c87-909b-85a5421b80b7', '23006243-45e5-4473-94df-9d55e67a1836', 'portionsbitens', NULL), ('f0235f76-ba5c-47f9-b69b-197d6ffc5cfa', '23006243-45e5-4473-94df-9d55e67a1836', 'portionsbitar', NULL), ('75be8fd4-fa69-4268-ad26-20c53d83d2a4', '23006243-45e5-4473-94df-9d55e67a1836', 'portionsbitars', NULL), ('ad055c31-0325-4cc1-8bb2-cfe64cc6a5c3', '23006243-45e5-4473-94df-9d55e67a1836', 'portionsbitarna', NULL), ('e513d100-9db7-4511-b8ad-332fcbb2b019', '23006243-45e5-4473-94df-9d55e67a1836', 'portionsbitarnas', NULL), ('5ae5ea6a-e8b8-4939-965a-b2f8b6b7465a', '23006243-45e5-4473-94df-9d55e67a1836', 'bit', NULL), ('04cbe2cc-c21e-4f01-a4ff-66d4e5a3c898', '23006243-45e5-4473-94df-9d55e67a1836', 'bits', NULL), ('4150c557-9304-4db9-8ae8-eca45de58d93', '23006243-45e5-4473-94df-9d55e67a1836', 'biten', NULL), ('64e948a0-786e-4e19-a17b-f77c32a166bc', '23006243-45e5-4473-94df-9d55e67a1836', 'bitens', NULL), ('32ea3a8a-e118-4065-b1b3-f5838b38fda8', '23006243-45e5-4473-94df-9d55e67a1836', 'bitar', NULL), ('d1d8dec7-3f52-4b65-be48-6146bc3b4541', '23006243-45e5-4473-94df-9d55e67a1836', 'bitars', NULL), ('67986ac0-d318-44e8-81a2-2052a813589a', '23006243-45e5-4473-94df-9d55e67a1836', 'bitarna', NULL), ('76b1847c-4097-4e0a-a06a-1ffc328c3b4c', '23006243-45e5-4473-94df-9d55e67a1836', 'bitarnas', NULL), ('3d793aac-fb4e-4dae-9b76-e822d5e7bada', '23006243-45e5-4473-94df-9d55e67a1836', 'barnportion', NULL), ('f3839d64-780e-4d3e-89d5-2a4482327d2d', '23006243-45e5-4473-94df-9d55e67a1836', 'barnportions', NULL), ('3a373540-ee2f-4ca1-a628-f174ac3ab055', '23006243-45e5-4473-94df-9d55e67a1836', 'barnportionen', NULL), ('68949f80-f5ae-4dc6-8b89-0106bca8a0eb', '23006243-45e5-4473-94df-9d55e67a1836', 'barnportionens', NULL), ('d0709a55-21e5-4a79-9016-bfae29c7e004', '23006243-45e5-4473-94df-9d55e67a1836', 'barnportioner', NULL), ('652bed60-44d4-46d9-9852-729ee252e1c2', '23006243-45e5-4473-94df-9d55e67a1836', 'barnportioners', NULL), ('4d71724c-1624-479a-9982-8fbe92751ca7', '23006243-45e5-4473-94df-9d55e67a1836', 'barnportionerna', NULL), ('3a0acdff-6959-425d-8182-e9fd7a0c91d3', '23006243-45e5-4473-94df-9d55e67a1836', 'barnportionernas', NULL), ('f719321c-fcea-4c47-aba4-5a36c079b22d', '23006243-45e5-4473-94df-9d55e67a1836', 'barn', NULL);
INSERT INTO Lexeme (id, word_id, definition, example, example_meaning, source) VALUES ('69a5f204-97e9-43a2-aa51-819d05216652', '23006243-45e5-4473-94df-9d55e67a1836', 'mängd mat för en person', 'en portion gröt', NULL, 'lexin-swe'), ('e8b46a67-9534-4695-8e29-9a89145ce610', '23006243-45e5-4473-94df-9d55e67a1836', 'portion', 'en portion gröt', 'a portion (helping) of porridge', 'folkets-lexikon');
INSERT INTO Word (id, lemma, part_of_speech, phonetic, phonetic_voice, phonetic_url) VALUES ('df400798-9c7c-4d68-971e-0c5712f22f9e', 'problem', 'subst.', 'problẹ:m', NULL, 'https://lexin.nada.kth.se/sound/v2/286447_1.mp3');
INSERT INTO WordIndex (id, word_id, spell, form) VALUES ('6be4ce02-d7fa-4cd0-8e24-33df27635499', 'df400798-9c7c-4d68-971e-0c5712f22f9e', 'problem', 'obest.f.pl.'), ('2f00448c-ec7a-478e-885d-725668007e7c', 'df400798-9c7c-4d68-971e-0c5712f22f9e', 'problem', 'obest.f.sing.'), ('ff4fab8e-013d-42e5-86e9-819b9b1f5aa7', 'df400798-9c7c-4d68-971e-0c5712f22f9e', 'problemet', 'best.f.sing.'), ('4e615568-7037-4fff-8276-e531c653a75c', 'df400798-9c7c-4d68-971e-0c5712f22f9e', 'problemen', 'best.f.pl.'), ('59c52fbd-7b84-4979-90e4-4fa8958b6da6', 'df400798-9c7c-4d68-971e-0c5712f22f9e', 'problems', NULL), ('07ff7632-c762-42e3-8d5d-ddbed23dcf9d', 'df400798-9c7c-4d68-971e-0c5712f22f9e', 'problemets', NULL), ('1ef272ea-d490-48fc-948c-b386d665f8eb', 'df400798-9c7c-4d68-971e-0c5712f22f9e', 'problemens', NULL), ('8594ac4a-3463-4365-b560-aec6e9a45b8e', 'df400798-9c7c-4d68-971e-0c5712f22f9e', 'problembarn', NULL), ('4a956e5e-afa0-4a9b-898b-53dfd358360a', 'df400798-9c7c-4d68-971e-0c5712f22f9e', 'problembarns', NULL), ('ebe0e51c-0006-44de-90d5-28395ec208b4', 'df400798-9c7c-4d68-971e-0c5712f22f9e', 'problembarnet', NULL), ('9a39af81-61cf-4706-9edd-e800efa782a9', 'df400798-9c7c-4d68-971e-0c5712f22f9e', 'problembarnets', NULL), ('80bd1536-5fa3-4583-9b77-7cabca26dd8f', 'df400798-9c7c-4d68-971e-0c5712f22f9e', 'problembarnen', NULL), ('91b1fda1-64b5-46ec-9d41-75adcaa2baf5', 'df400798-9c7c-4d68-971e-0c5712f22f9e', 'problembarnens', NULL), ('97b55823-15f8-48e5-b8eb-e7ba7a90295e', 'df400798-9c7c-4d68-971e-0c5712f22f9e', 'barn', NULL), ('becc36ad-de3b-410a-b16c-34e0b14b30a5', 'df400798-9c7c-4d68-971e-0c5712f22f9e', 'barns', NULL), ('dd66c19b-e83a-417b-95a4-72184b5887f3', 'df400798-9c7c-4d68-971e-0c5712f22f9e', 'barnet', NULL), ('cb4ed580-18f2-487e-95e6-0b0c170b50d2', 'df400798-9c7c-4d68-971e-0c5712f22f9e', 'barnets', NULL), ('b3b3af23-d2d7-4d20-9891-f0c66309fa17', 'df400798-9c7c-4d68-971e-0c5712f22f9e', 'barnen', NULL), ('d8b12199-bb2c-425c-a4c6-04c5dfa74e72', 'df400798-9c7c-4d68-971e-0c5712f22f9e', 'barnens', NULL), ('ba7e8ffc-d5e2-4fb8-85c2-7d6ee2cd2c4e', 'df400798-9c7c-4d68-971e-0c5712f22f9e', 'problemfylld', NULL), ('cebf4e28-d54b-4a32-a003-5f41bdc5f5f4', 'df400798-9c7c-4d68-971e-0c5712f22f9e', 'problemfyllt', NULL), ('18261814-612b-453e-a6b2-adbff91be6c7', 'df400798-9c7c-4d68-971e-0c5712f22f9e', 'problemfyllda', NULL), ('5919180c-bf9f-4e47-ae73-85eed90d37c3', 'df400798-9c7c-4d68-971e-0c5712f22f9e', 'problemfyllde', NULL), ('76dbaaac-6471-4753-9454-71eb51d2ea86', 'df400798-9c7c-4d68-971e-0c5712f22f9e', 'fylld', NULL), ('c7078a5c-8826-4989-9687-a6b29ca30ef5', 'df400798-9c7c-4d68-971e-0c5712f22f9e', 'fyllt', NULL), ('e6d4c1b8-af28-4f8f-bd61-05c0baa2fe58', 'df400798-9c7c-4d68-971e-0c5712f22f9e', 'fyllda', NULL), ('da8400f7-1030-4927-b1c2-6b69ccd8f3b6', 'df400798-9c7c-4d68-971e-0c5712f22f9e', 'fyllde', NULL), ('438ffb7d-be19-4f42-a5ea-aea1268145ba', 'df400798-9c7c-4d68-971e-0c5712f22f9e', 'samhällsproblem', NULL), ('bddcae73-ac42-4371-b245-6ebae56d8387', 'df400798-9c7c-4d68-971e-0c5712f22f9e', 'samhällsproblems', NULL), ('fd7b2295-5ba0-4a07-91db-5af8f8f8a9d3', 'df400798-9c7c-4d68-971e-0c5712f22f9e', 'samhällsproblemet', NULL), ('adf5ded4-37a7-492f-9a54-b76a4c6f0327', 'df400798-9c7c-4d68-971e-0c5712f22f9e', 'samhällsproblemets', NULL), ('5a3db64a-e4c1-4ca7-acac-6d33d3f45314', 'df400798-9c7c-4d68-971e-0c5712f22f9e', 'samhällsproblemen', NULL), ('06bdb742-1e6d-4fcc-9096-d98c206890af', 'df400798-9c7c-4d68-971e-0c5712f22f9e', 'samhällsproblemens', NULL), ('02588772-b2e6-4152-a973-9727abb54ced', 'df400798-9c7c-4d68-971e-0c5712f22f9e', 'samhälls', NULL), ('45125ea6-2dd1-46fc-9095-359089e93e2e', 'df400798-9c7c-4d68-971e-0c5712f22f9e', 'schackproblem', NULL), ('da44e6b8-e05b-4981-81be-fd6e7c5a8f35', 'df400798-9c7c-4d68-971e-0c5712f22f9e', 'schackproblems', NULL), ('90e6e445-27ab-400f-86c1-6732129d69b9', 'df400798-9c7c-4d68-971e-0c5712f22f9e', 'schackproblemet', NULL), ('58fe1905-282a-4b6c-9677-89840c0256ec', 'df400798-9c7c-4d68-971e-0c5712f22f9e', 'schackproblemets', NULL), ('43443948-4638-4d6b-af28-71e2c802ac71', 'df400798-9c7c-4d68-971e-0c5712f22f9e', 'schackproblemen', NULL), ('0fa42627-a0e3-4400-85bc-f66ec8aac7e9', 'df400798-9c7c-4d68-971e-0c5712f22f9e', 'schackproblemens', NULL), ('5c1cfd90-0edb-4ea6-837f-7a62dbe125f4', 'df400798-9c7c-4d68-971e-0c5712f22f9e', 'schack', NULL);
INSERT INTO Lexeme (id, word_id, definition, example, example_meaning, source) VALUES ('c1fbb4f3-af8e-41b2-a5e1-9c079e13c822', 'df400798-9c7c-4d68-971e-0c5712f22f9e', 'svårighet', 'psykiska problem', NULL, 'lexin-swe'), ('2b2425fe-386c-4bc3-aa5e-a025ab7f8279', 'df400798-9c7c-4d68-971e-0c5712f22f9e', 'något som kräver (logiskt) tänkande, gåta', 'ett matematiskt problem', NULL, 'lexin-swe'), ('3f8e359c-7861-4222-bfa0-1127d62f4847', 'df400798-9c7c-4d68-971e-0c5712f22f9e', 'problem', 'ekonomiska problem', 'financial difficulties', 'folkets-lexikon');
INSERT INTO Word (id, lemma, part_of_speech, phonetic, phonetic_voice, phonetic_url) VALUES ('c3638d8a-984a-4cfa-97da-f5abbc00d1f9', 'program', 'subst.', 'progrạm:', NULL, 'https://lexin.nada.kth.se/sound/v2/287015_1.mp3');
INSERT INTO WordIndex (id, word_id, spell, form) VALUES ('0c292caf-7316-4c51-9485-d7ddde47e879', 'c3638d8a-984a-4cfa-97da-f5abbc00d1f9', 'program', 'obest.f.pl.'), ('79ab5e4e-1998-4df6-bae1-6b833082b65e', 'c3638d8a-984a-4cfa-97da-f5abbc00d1f9', 'program', 'obest.f.sing.'), ('15ed9982-03e0-415b-8030-0b449f3e410b', 'c3638d8a-984a-4cfa-97da-f5abbc00d1f9', 'programmet', 'best.f.sing.'), ('a92546da-5872-4442-8773-c0d8445b03a3', 'c3638d8a-984a-4cfa-97da-f5abbc00d1f9', 'programmen', 'best.f.pl.'), ('2702c77c-3041-413e-a09b-fc2aa3c1d46c', 'c3638d8a-984a-4cfa-97da-f5abbc00d1f9', 'programs', NULL), ('a8ae2c6d-2199-453e-a6a5-786a915e7034', 'c3638d8a-984a-4cfa-97da-f5abbc00d1f9', 'programmets', NULL), ('6c74d128-dd4a-490d-88f2-ec1aebe82db6', 'c3638d8a-984a-4cfa-97da-f5abbc00d1f9', 'programmens', NULL), ('66dde012-b04e-4f2d-80b0-82aca385c162', 'c3638d8a-984a-4cfa-97da-f5abbc00d1f9', 'programskrift', NULL), ('5feaf825-ae56-4f63-910d-fd7cbee1407b', 'c3638d8a-984a-4cfa-97da-f5abbc00d1f9', 'programskrifts', NULL), ('e2daddd5-e4ea-4c75-b92a-9a29737bb17b', 'c3638d8a-984a-4cfa-97da-f5abbc00d1f9', 'programskriften', NULL), ('147754ed-b6b7-4c9b-a4f3-d44725f573a5', 'c3638d8a-984a-4cfa-97da-f5abbc00d1f9', 'programskriftens', NULL), ('f19f51d5-ac01-46ee-9b05-d8a76964e238', 'c3638d8a-984a-4cfa-97da-f5abbc00d1f9', 'programskrifter', NULL), ('9ae58a0b-18a0-4728-ae4c-dd4a4a3eef9f', 'c3638d8a-984a-4cfa-97da-f5abbc00d1f9', 'programskrifters', NULL), ('cc795ad5-4a5e-4159-b641-04cc8125a87a', 'c3638d8a-984a-4cfa-97da-f5abbc00d1f9', 'programskrifterna', NULL), ('c17c8c52-3ab3-4ada-891c-2caa83be7050', 'c3638d8a-984a-4cfa-97da-f5abbc00d1f9', 'programskrifternas', NULL), ('23d27ffb-c65a-4d40-9029-a60c72394493', 'c3638d8a-984a-4cfa-97da-f5abbc00d1f9', 'skrift', NULL), ('965baf7e-8718-471c-914a-07232a4c4210', 'c3638d8a-984a-4cfa-97da-f5abbc00d1f9', 'skrifts', NULL), ('ecd8082a-9d87-43a7-83f4-f628a9205e37', 'c3638d8a-984a-4cfa-97da-f5abbc00d1f9', 'skriften', NULL), ('4bec62fb-edb9-4411-a312-60ec8c3deaa3', 'c3638d8a-984a-4cfa-97da-f5abbc00d1f9', 'skriftens', NULL), ('0f8c0eb0-51ca-4dc4-9ad8-944811c5ad3f', 'c3638d8a-984a-4cfa-97da-f5abbc00d1f9', 'skrifter', NULL), ('5f0b15a0-c2cc-47a1-b299-5b044cf4ae21', 'c3638d8a-984a-4cfa-97da-f5abbc00d1f9', 'skrifters', NULL), ('2975df96-041c-472b-94dc-82f8a50ca2d0', 'c3638d8a-984a-4cfa-97da-f5abbc00d1f9', 'skrifterna', NULL), ('02376750-f7f6-4183-b1a9-35aa126aceda', 'c3638d8a-984a-4cfa-97da-f5abbc00d1f9', 'skrifternas', NULL), ('8ec1b64b-ed24-4b7a-99b6-668b8025459c', 'c3638d8a-984a-4cfa-97da-f5abbc00d1f9', 'partiprogram', NULL), ('45f04b0e-f4dd-42df-93a8-a570d3a337a6', 'c3638d8a-984a-4cfa-97da-f5abbc00d1f9', 'partiprograms', NULL), ('62212759-c801-4a95-b11b-718904131ed6', 'c3638d8a-984a-4cfa-97da-f5abbc00d1f9', 'partiprogrammet', NULL), ('d7995323-a01e-442b-85a2-6fb61ac80c6b', 'c3638d8a-984a-4cfa-97da-f5abbc00d1f9', 'partiprogrammets', NULL), ('cc73e50a-854c-4e5f-ade8-162b6258857a', 'c3638d8a-984a-4cfa-97da-f5abbc00d1f9', 'partiprogrammen', NULL), ('4f62331f-e4c8-40c9-b2ae-a81090301b22', 'c3638d8a-984a-4cfa-97da-f5abbc00d1f9', 'partiprogrammens', NULL), ('783cd45e-17aa-4c97-962b-d98a76878b3f', 'c3638d8a-984a-4cfa-97da-f5abbc00d1f9', 'parti', NULL), ('04b090e8-1d4d-485e-8f60-5dedef21ad39', 'c3638d8a-984a-4cfa-97da-f5abbc00d1f9', 'programledare', NULL), ('2dd5887b-4ff8-4efa-9b40-9ac114ada99d', 'c3638d8a-984a-4cfa-97da-f5abbc00d1f9', 'programledares', NULL), ('04d0285d-33dc-498c-8f0f-a13b6120be83', 'c3638d8a-984a-4cfa-97da-f5abbc00d1f9', 'programledaren', NULL), ('b7485d79-2424-415d-ad68-b103e37c898b', 'c3638d8a-984a-4cfa-97da-f5abbc00d1f9', 'programledarens', NULL), ('eb746bde-a6c1-482a-8a63-80e4269fc2f9', 'c3638d8a-984a-4cfa-97da-f5abbc00d1f9', 'programledarna', NULL), ('4da7be3b-a3fc-4afa-91a0-b786b5d1ea53', 'c3638d8a-984a-4cfa-97da-f5abbc00d1f9', 'programledarnas', NULL), ('444b2880-299d-406d-8072-c56692ed827c', 'c3638d8a-984a-4cfa-97da-f5abbc00d1f9', 'ledare', NULL), ('0c6f043e-fb66-4b87-9cfa-2885b870aa84', 'c3638d8a-984a-4cfa-97da-f5abbc00d1f9', 'ledares', NULL), ('f0a29cd2-aceb-459b-9e78-db951cbbbb97', 'c3638d8a-984a-4cfa-97da-f5abbc00d1f9', 'ledaren', NULL), ('cff43406-8547-4509-9d19-6c60d045d739', 'c3638d8a-984a-4cfa-97da-f5abbc00d1f9', 'ledarens', NULL), ('e1404787-a0f8-4859-aed7-8df8c3917ac2', 'c3638d8a-984a-4cfa-97da-f5abbc00d1f9', 'ledarna', NULL), ('22493e3d-1b2a-41e4-9785-8494cc3004d7', 'c3638d8a-984a-4cfa-97da-f5abbc00d1f9', 'ledarnas', NULL), ('a19795e2-b545-40a9-b752-2fd7f4bf49c8', 'c3638d8a-984a-4cfa-97da-f5abbc00d1f9', 'barnprogram', NULL), ('530d2ab9-4a47-4062-abb2-796d1a4e9916', 'c3638d8a-984a-4cfa-97da-f5abbc00d1f9', 'barnprograms', NULL), ('9f3238f7-477a-4abd-bc80-d065b5d1d221', 'c3638d8a-984a-4cfa-97da-f5abbc00d1f9', 'barnprogrammet', NULL), ('f746eac3-155a-44db-985d-228140cdfa03', 'c3638d8a-984a-4cfa-97da-f5abbc00d1f9', 'barnprogrammets', NULL), ('e036ed3d-da7b-44c8-85f0-d4cda8bb1fe6', 'c3638d8a-984a-4cfa-97da-f5abbc00d1f9', 'barnprogrammen', NULL), ('9a8e6471-b703-437c-bdd4-64e1e105ba92', 'c3638d8a-984a-4cfa-97da-f5abbc00d1f9', 'barnprogrammens', NULL), ('474078b5-4a9b-414d-902a-bfd54f8183cb', 'c3638d8a-984a-4cfa-97da-f5abbc00d1f9', 'barn', NULL), ('2e0d6dc9-07b1-4873-a531-843b6551a4e0', 'c3638d8a-984a-4cfa-97da-f5abbc00d1f9', 'nyhetsprogram', NULL), ('eeedbd2c-8602-4a44-8553-4a8b0a5eb3de', 'c3638d8a-984a-4cfa-97da-f5abbc00d1f9', 'nyhetsprograms', NULL), ('7c8276ac-2973-46f3-9c62-f865c6ee8e84', 'c3638d8a-984a-4cfa-97da-f5abbc00d1f9', 'nyhetsprogrammet', NULL), ('2be36e81-6517-42b9-a201-d60bee559be6', 'c3638d8a-984a-4cfa-97da-f5abbc00d1f9', 'nyhetsprogrammets', NULL), ('e4f0918a-c68d-4291-a974-ad848d14283e', 'c3638d8a-984a-4cfa-97da-f5abbc00d1f9', 'nyhetsprogrammen', NULL), ('7f63ad0a-9772-4947-bed2-c9351c5f8d62', 'c3638d8a-984a-4cfa-97da-f5abbc00d1f9', 'nyhetsprogrammens', NULL), ('963693e2-3369-4d5b-9fd2-31196177d5fa', 'c3638d8a-984a-4cfa-97da-f5abbc00d1f9', 'nyhets', NULL), ('6e880a6c-e776-4216-a2f8-a97f2b0b1b27', 'c3638d8a-984a-4cfa-97da-f5abbc00d1f9', 'tv-program', NULL), ('15735e25-e1d5-4d85-91d6-b53fc99b63a1', 'c3638d8a-984a-4cfa-97da-f5abbc00d1f9', 'tv-programs', NULL), ('b95b1f49-3a29-4f22-9be8-94430b22c2ab', 'c3638d8a-984a-4cfa-97da-f5abbc00d1f9', 'tv-programmet', NULL), ('65845e95-61ca-4b16-a2ed-c05bb28b1ed3', 'c3638d8a-984a-4cfa-97da-f5abbc00d1f9', 'tv-programmets', NULL), ('62219d46-8602-4e2b-831e-55f491381859', 'c3638d8a-984a-4cfa-97da-f5abbc00d1f9', 'tv-programmen', NULL), ('c1d65d58-de75-4b21-8e24-44c2f0d41aeb', 'c3638d8a-984a-4cfa-97da-f5abbc00d1f9', 'tv-programmens', NULL), ('985053ad-c553-4272-acdd-18138b33b87a', 'c3638d8a-984a-4cfa-97da-f5abbc00d1f9', 'programkod', NULL), ('5a4e4eb2-d4d5-4153-9ff9-e7dbdceb314b', 'c3638d8a-984a-4cfa-97da-f5abbc00d1f9', 'programkods', NULL), ('1844bdf9-7ee4-4203-9505-0a03c3f64741', 'c3638d8a-984a-4cfa-97da-f5abbc00d1f9', 'programkoden', NULL), ('03e4f1e8-8944-48eb-a858-fbac52334d0a', 'c3638d8a-984a-4cfa-97da-f5abbc00d1f9', 'programkodens', NULL), ('b35791a1-3e94-4968-821f-fae1f035a1d4', 'c3638d8a-984a-4cfa-97da-f5abbc00d1f9', 'programkoder', NULL), ('f88b6695-1f5f-4169-8933-0490bd201d84', 'c3638d8a-984a-4cfa-97da-f5abbc00d1f9', 'programkoders', NULL), ('27acc335-c0a2-4f66-9ef4-c6c3c2359d38', 'c3638d8a-984a-4cfa-97da-f5abbc00d1f9', 'programkoderna', NULL), ('0b44f6b3-f44d-4dc8-8e19-ae8359590337', 'c3638d8a-984a-4cfa-97da-f5abbc00d1f9', 'programkodernas', NULL), ('8ad90f6d-64cc-42f1-b206-a22dbab54734', 'c3638d8a-984a-4cfa-97da-f5abbc00d1f9', 'kod', NULL), ('59ac5c7c-bb54-4100-99f8-eabe70e7a4c0', 'c3638d8a-984a-4cfa-97da-f5abbc00d1f9', 'kods', NULL), ('f64560a7-0756-4721-909d-307529a39597', 'c3638d8a-984a-4cfa-97da-f5abbc00d1f9', 'koden', NULL), ('1104a93e-600d-40e8-ae55-b25ba090f7eb', 'c3638d8a-984a-4cfa-97da-f5abbc00d1f9', 'kodens', NULL), ('cfcfe42a-5290-44a3-81b1-74b78e56e742', 'c3638d8a-984a-4cfa-97da-f5abbc00d1f9', 'koder', NULL), ('9cbd604b-1e27-4004-8704-dfc25524eda4', 'c3638d8a-984a-4cfa-97da-f5abbc00d1f9', 'koders', NULL), ('9ce7d0df-7066-4511-92a1-16e3c64350a2', 'c3638d8a-984a-4cfa-97da-f5abbc00d1f9', 'koderna', NULL), ('fc388cc4-ecb5-430f-af2f-118af6223dff', 'c3638d8a-984a-4cfa-97da-f5abbc00d1f9', 'kodernas', NULL), ('100ee528-5d88-4bc1-8b46-5d9ef2df17f6', 'c3638d8a-984a-4cfa-97da-f5abbc00d1f9', 'programspråk', NULL), ('bbd6c02c-6160-4b1c-b470-637ee485a52c', 'c3638d8a-984a-4cfa-97da-f5abbc00d1f9', 'programspråks', NULL), ('5818cec3-b8e6-4cf1-b869-d97abea26f3e', 'c3638d8a-984a-4cfa-97da-f5abbc00d1f9', 'programspråket', NULL), ('3f588363-24cd-40c8-b362-9f75e15870b1', 'c3638d8a-984a-4cfa-97da-f5abbc00d1f9', 'programspråkets', NULL), ('bc511545-2525-4d91-93ef-1f1730e11038', 'c3638d8a-984a-4cfa-97da-f5abbc00d1f9', 'programspråken', NULL), ('7608e182-792d-4248-af20-17fd5efc6ba6', 'c3638d8a-984a-4cfa-97da-f5abbc00d1f9', 'programspråkens', NULL), ('b8d204f0-51bf-435a-b20a-44403d516391', 'c3638d8a-984a-4cfa-97da-f5abbc00d1f9', 'språk', NULL), ('091d4c8d-e34f-4106-b196-e70cd4abf24e', 'c3638d8a-984a-4cfa-97da-f5abbc00d1f9', 'språks', NULL), ('06e6aff2-9dbd-493b-95d6-a8e266a56493', 'c3638d8a-984a-4cfa-97da-f5abbc00d1f9', 'språket', NULL), ('fd77b1ad-55f0-450c-8527-61b60123b9ec', 'c3638d8a-984a-4cfa-97da-f5abbc00d1f9', 'språkets', NULL), ('d3c7317d-9df9-4962-a495-d9d9ad969aa1', 'c3638d8a-984a-4cfa-97da-f5abbc00d1f9', 'språken', NULL), ('f179bef3-ab9c-4954-b4d3-61602a61f823', 'c3638d8a-984a-4cfa-97da-f5abbc00d1f9', 'språkens', NULL), ('f674b618-e6ca-4bda-8af1-9e16600c4285', 'c3638d8a-984a-4cfa-97da-f5abbc00d1f9', 'dataprogram', NULL), ('d31092c1-f345-422c-b9ad-b90cc96948a9', 'c3638d8a-984a-4cfa-97da-f5abbc00d1f9', 'dataprograms', NULL), ('150a82ca-70cb-46d3-9c53-4aebc9fae637', 'c3638d8a-984a-4cfa-97da-f5abbc00d1f9', 'dataprogrammet', NULL), ('d7b77ccd-a0d5-4345-bc80-098613c99b44', 'c3638d8a-984a-4cfa-97da-f5abbc00d1f9', 'dataprogrammets', NULL), ('35ee5576-e36a-4289-8c51-5610852d0cf4', 'c3638d8a-984a-4cfa-97da-f5abbc00d1f9', 'dataprogrammen', NULL), ('42c2b397-3c47-40af-80fc-8b0c1056c66f', 'c3638d8a-984a-4cfa-97da-f5abbc00d1f9', 'dataprogrammens', NULL), ('aa7e535c-600a-448c-be9d-175b63c37269', 'c3638d8a-984a-4cfa-97da-f5abbc00d1f9', 'data', NULL);
INSERT INTO Lexeme (id, word_id, definition, example, example_meaning, source) VALUES ('64f68252-5acb-400a-8e82-3411eb2740b0', 'c3638d8a-984a-4cfa-97da-f5abbc00d1f9', 'plan eller översikt över hur något ska genomföras', 'de flesta teaterbesökarna köpte ett program', NULL, 'lexin-swe'), ('454c1181-1040-49b9-93a3-5945a0f6e546', 'c3638d8a-984a-4cfa-97da-f5abbc00d1f9', 'enskild sändning i radio eller tv', 'ett program om Indien', NULL, 'lexin-swe'), ('f80f6a38-0507-4418-a8f1-fa920706c4c0', 'c3638d8a-984a-4cfa-97da-f5abbc00d1f9', 'instruktion för en dator', NULL, NULL, 'lexin-swe'), ('b1cb6316-b376-4eb3-b44b-f47bfa1f08f3', 'c3638d8a-984a-4cfa-97da-f5abbc00d1f9', 'inriktning av utbildning (särskilt på gymnasiet och universitetet)', 'det naturvetenskapliga programmet', NULL, 'lexin-swe'), ('08c9c0cc-3a04-48da-ad8e-ca7d974d2905', 'c3638d8a-984a-4cfa-97da-f5abbc00d1f9', 'programme, (program [US])', 'vad står på programmet i kväll?', 'what is on the programme this evening?', 'folkets-lexikon'), ('7d726cfe-eb1a-4c1d-a366-7312d7420b70', 'c3638d8a-984a-4cfa-97da-f5abbc00d1f9', '(program [US]), programme', 'ett program om Indien', 'a programme on India', 'folkets-lexikon'), ('5091ca82-d705-46b1-ac70-2d95c6f363ef', 'c3638d8a-984a-4cfa-97da-f5abbc00d1f9', 'software, program', 'Word är ett ordbehandlingsprogram', 'Word is a word processing programme', 'folkets-lexikon');
INSERT INTO Word (id, lemma, part_of_speech, phonetic, phonetic_voice, phonetic_url) VALUES ('45faa7e9-d61e-44ca-81a2-74a5e23643f3', 'psykiatri', 'subst.', 'psykiatrị:', NULL, 'https://lexin.nada.kth.se/sound/v2/288840_1.mp3');
INSERT INTO WordIndex (id, word_id, spell, form) VALUES ('473ba81a-9079-47b7-94f7-903fb33956f7', '45faa7e9-d61e-44ca-81a2-74a5e23643f3', 'psykiatri', 'obest.f.sing.'), ('85929c14-49e1-4781-8000-7f1a39a2ab88', '45faa7e9-d61e-44ca-81a2-74a5e23643f3', 'psykiatrin', 'best.f.sing.'), ('f1c69b0b-6154-4d48-b94e-71a0400956ac', '45faa7e9-d61e-44ca-81a2-74a5e23643f3', 'psykiatris', NULL), ('d053b7a1-1893-4285-a722-7cdbd5f2231d', '45faa7e9-d61e-44ca-81a2-74a5e23643f3', 'psykiatrins', NULL), ('9533ea7e-ca24-4aad-a13a-a000aa3f388c', '45faa7e9-d61e-44ca-81a2-74a5e23643f3', 'barnpsykiatri', NULL), ('9291f73c-9fb8-4b0e-9bcc-b3fb57df7a44', '45faa7e9-d61e-44ca-81a2-74a5e23643f3', 'barnpsykiatris', NULL), ('85a40459-b320-4fd8-86b7-795feac1b2b0', '45faa7e9-d61e-44ca-81a2-74a5e23643f3', 'barnpsykiatrin', NULL), ('978cf67d-cbfd-4649-b18c-6b34ff6682b1', '45faa7e9-d61e-44ca-81a2-74a5e23643f3', 'barnpsykiatrins', NULL), ('92e65796-0541-4f8d-97bc-254b14d26808', '45faa7e9-d61e-44ca-81a2-74a5e23643f3', 'barn', NULL), ('403774da-ab76-42f9-b44b-623fc17ad87a', '45faa7e9-d61e-44ca-81a2-74a5e23643f3', 'rättspsykiatri', NULL), ('82aa8fbb-28a2-4d45-b05b-ff468990d138', '45faa7e9-d61e-44ca-81a2-74a5e23643f3', 'rättspsykiatris', NULL), ('541ebde4-f6cf-40b2-957c-797202810299', '45faa7e9-d61e-44ca-81a2-74a5e23643f3', 'rättspsykiatrin', NULL), ('c55385b6-2e14-4e6d-86cf-356ee25f813d', '45faa7e9-d61e-44ca-81a2-74a5e23643f3', 'rättspsykiatrins', NULL), ('09110bf5-9957-4256-b3e7-313085e2c9f7', '45faa7e9-d61e-44ca-81a2-74a5e23643f3', 'rätts', NULL), ('2e817530-87f2-427c-a2df-c861d7ec3c66', '45faa7e9-d61e-44ca-81a2-74a5e23643f3', 'ungdomspsykiatri', NULL), ('e0f0781e-47b2-442c-8d1f-08368608c796', '45faa7e9-d61e-44ca-81a2-74a5e23643f3', 'ungdomspsykiatris', NULL), ('c40b6daf-a170-4715-a35b-05cf4a982421', '45faa7e9-d61e-44ca-81a2-74a5e23643f3', 'ungdomspsykiatrin', NULL), ('bb1035ab-0a85-4688-bcd9-043bd67de452', '45faa7e9-d61e-44ca-81a2-74a5e23643f3', 'ungdomspsykiatrins', NULL), ('0c23d375-ea4d-47cd-9cac-0b4c807f35e9', '45faa7e9-d61e-44ca-81a2-74a5e23643f3', 'ungdoms', NULL);
INSERT INTO Lexeme (id, word_id, definition, example, example_meaning, source) VALUES ('78d40890-fb7c-4675-b2e3-eb695906f527', '45faa7e9-d61e-44ca-81a2-74a5e23643f3', 'vetenskapen om psykiska sjukdomar', 'hon jobbar som läkare inom psykiatrin', NULL, 'lexin-swe'), ('a04bfbb6-e719-4e82-b357-20bf9fa85f04', '45faa7e9-d61e-44ca-81a2-74a5e23643f3', 'psychiatry', NULL, NULL, 'folkets-lexikon');
INSERT INTO Word (id, lemma, part_of_speech, phonetic, phonetic_voice, phonetic_url) VALUES ('5f547d39-e800-4263-9642-c6c8faea6afe', 'ramsa', 'subst.', '²rạm:sa', NULL, 'https://lexin.nada.kth.se/sound/v2/292918_1.mp3');
INSERT INTO WordIndex (id, word_id, spell, form) VALUES ('9eab232e-7170-41a4-86e4-c822991849c8', '5f547d39-e800-4263-9642-c6c8faea6afe', 'ramsa', 'obest.f.sing.'), ('25b3ebed-7b25-41a2-b8f9-3982d102264f', '5f547d39-e800-4263-9642-c6c8faea6afe', 'ramsan', 'best.f.sing.'), ('a799e28e-6d92-4202-9847-e9367c5c16ea', '5f547d39-e800-4263-9642-c6c8faea6afe', 'ramsor', 'obest.f.pl.'), ('e244b7ec-2eab-4de8-b0f7-ac5214503573', '5f547d39-e800-4263-9642-c6c8faea6afe', 'ramsorna', 'best.f.pl.'), ('9005fd03-7579-45ee-903e-345ddfe99a2b', '5f547d39-e800-4263-9642-c6c8faea6afe', 'ramsas', NULL), ('8d80045f-3893-4f6b-b64a-a078ca1643ac', '5f547d39-e800-4263-9642-c6c8faea6afe', 'ramsans', NULL), ('13effbf0-aaf4-4c5e-abc2-a4ec5bb94bae', '5f547d39-e800-4263-9642-c6c8faea6afe', 'ramsors', NULL), ('cc15c239-84f9-4742-9586-728e90c61e44', '5f547d39-e800-4263-9642-c6c8faea6afe', 'ramsornas', NULL), ('f4a22a0f-1202-4988-b13f-562cf28e357a', '5f547d39-e800-4263-9642-c6c8faea6afe', 'barnramsa', NULL), ('d2fbf276-1588-4af2-9c85-125ba1d5c7cb', '5f547d39-e800-4263-9642-c6c8faea6afe', 'barnramsas', NULL), ('314a45ef-1bd8-4865-983a-4e1b809732c8', '5f547d39-e800-4263-9642-c6c8faea6afe', 'barnramsan', NULL), ('90e7e0c6-54db-44e4-adf7-2f9836285186', '5f547d39-e800-4263-9642-c6c8faea6afe', 'barnramsans', NULL), ('97fba740-ebd5-447f-850a-31bd44656339', '5f547d39-e800-4263-9642-c6c8faea6afe', 'barnramsor', NULL), ('776119c5-cd16-4e22-a66f-2062daee89fe', '5f547d39-e800-4263-9642-c6c8faea6afe', 'barnramsors', NULL), ('8f758519-d259-48fd-b74c-3297fcb16997', '5f547d39-e800-4263-9642-c6c8faea6afe', 'barnramsorna', NULL), ('2f8dee53-3a71-4077-96ad-eaf29af3e4f7', '5f547d39-e800-4263-9642-c6c8faea6afe', 'barnramsornas', NULL), ('e9d23e02-95e6-4d28-b8d6-791a52cc1d53', '5f547d39-e800-4263-9642-c6c8faea6afe', 'barn', NULL), ('3a7366ea-c3b2-44fb-ae27-ed2fc8f2980c', '5f547d39-e800-4263-9642-c6c8faea6afe', 'hejaramsa', NULL), ('1c101d8a-b2ef-4981-962f-d44d88690826', '5f547d39-e800-4263-9642-c6c8faea6afe', 'hejaramsas', NULL), ('a662a7cb-00b2-4c2b-a9b8-3a0a108cdaa4', '5f547d39-e800-4263-9642-c6c8faea6afe', 'hejaramsan', NULL), ('82e7bbd4-da42-446d-9f45-bff20acfae21', '5f547d39-e800-4263-9642-c6c8faea6afe', 'hejaramsans', NULL), ('2745d60a-88c5-43e0-866c-87f885899eb2', '5f547d39-e800-4263-9642-c6c8faea6afe', 'hejaramsor', NULL), ('4970256b-8820-4304-b094-587fcf2ffb1c', '5f547d39-e800-4263-9642-c6c8faea6afe', 'hejaramsors', NULL), ('ac50b3d1-f856-4a02-9687-b60b4380c7be', '5f547d39-e800-4263-9642-c6c8faea6afe', 'hejaramsorna', NULL), ('be6cd5fa-9518-449d-ab49-29e0fe8f6645', '5f547d39-e800-4263-9642-c6c8faea6afe', 'hejaramsornas', NULL), ('84536b40-3ea8-47cb-9850-89dbf9cfaa67', '5f547d39-e800-4263-9642-c6c8faea6afe', 'heja', NULL);
INSERT INTO Lexeme (id, word_id, definition, example, example_meaning, source) VALUES ('c6b8b6ce-e09a-4b37-9a2f-cc3cfd96764e', '5f547d39-e800-4263-9642-c6c8faea6afe', 'rad av ord, uppräkning, harang', NULL, NULL, 'lexin-swe'), ('b52b7657-5eec-4c94-917c-09a1fce402b3', '5f547d39-e800-4263-9642-c6c8faea6afe', 'rigmarole, jingle', NULL, NULL, 'folkets-lexikon');
INSERT INTO Word (id, lemma, part_of_speech, phonetic, phonetic_voice, phonetic_url) VALUES ('078df998-5171-4595-929e-7fb7e8ce0981', 'rike|man', 'subst.', '²rị:keman:', NULL, 'https://lexin.nada.kth.se/sound/v2/298458_1.mp3');
INSERT INTO WordIndex (id, word_id, spell, form) VALUES ('274a6d67-20d6-4ce3-b114-3a327db3bf48', '078df998-5171-4595-929e-7fb7e8ce0981', 'rikeman', 'obest.f.sing.'), ('8460b0f3-f64b-4055-90ce-1c2c9484b501', '078df998-5171-4595-929e-7fb7e8ce0981', 'rikemannen', 'best.f.sing.'), ('447312f4-2925-47cd-b659-fd4bf7a0de63', '078df998-5171-4595-929e-7fb7e8ce0981', 'rikemän', 'obest.f.pl.'), ('96d46dfb-0fb1-41a3-97eb-05c6e8ff7a7a', '078df998-5171-4595-929e-7fb7e8ce0981', 'rikemännen', 'best.f.pl.'), ('e2b70370-86fc-4003-9f0c-d4e4ff9c1df5', '078df998-5171-4595-929e-7fb7e8ce0981', 'rikemans', NULL), ('08e6ec0e-1c39-495a-9338-375deb0d393e', '078df998-5171-4595-929e-7fb7e8ce0981', 'rikemannens', NULL), ('9185f65d-34d0-4769-bf0c-b035c20440de', '078df998-5171-4595-929e-7fb7e8ce0981', 'rikemäns', NULL), ('61e74174-55dd-4b77-b386-015fd7d67072', '078df998-5171-4595-929e-7fb7e8ce0981', 'rikemännens', NULL), ('2eee037d-647b-44a1-8a01-8fcd2b9e0835', '078df998-5171-4595-929e-7fb7e8ce0981', 'rikemansbarn', NULL), ('61028898-675d-4554-8f02-ac04d7139883', '078df998-5171-4595-929e-7fb7e8ce0981', 'rikemansbarns', NULL), ('5cd81c03-b739-4b29-af86-cad75ccb7080', '078df998-5171-4595-929e-7fb7e8ce0981', 'rikemansbarnet', NULL), ('13044285-4765-4312-bb55-95f0541db48b', '078df998-5171-4595-929e-7fb7e8ce0981', 'rikemansbarnets', NULL), ('2e0f3839-0437-469c-a7b5-bbde7e1bcce1', '078df998-5171-4595-929e-7fb7e8ce0981', 'rikemansbarnen', NULL), ('19fc37eb-7835-43e0-9996-b05f2ab123c5', '078df998-5171-4595-929e-7fb7e8ce0981', 'rikemansbarnens', NULL), ('90583fda-62c8-4161-b5a7-3cb2c04f412a', '078df998-5171-4595-929e-7fb7e8ce0981', 'barn', NULL), ('33198b33-6eb4-466a-8e55-8fd92250be53', '078df998-5171-4595-929e-7fb7e8ce0981', 'barns', NULL), ('cc29cfff-6ce4-4797-9897-60a38cde62ca', '078df998-5171-4595-929e-7fb7e8ce0981', 'barnet', NULL), ('5cf55b54-fe04-47c7-af13-c90935704644', '078df998-5171-4595-929e-7fb7e8ce0981', 'barnets', NULL), ('92e1ffb6-ea20-44a4-b1e8-0a55452e87c7', '078df998-5171-4595-929e-7fb7e8ce0981', 'barnen', NULL), ('8ddb9015-c25a-4858-b0d2-e95a4ab2abef', '078df998-5171-4595-929e-7fb7e8ce0981', 'barnens', NULL);
INSERT INTO Lexeme (id, word_id, definition, example, example_meaning, source) VALUES ('055ffd94-9d4d-4d59-9f44-d7f1ff2fb039', '078df998-5171-4595-929e-7fb7e8ce0981', 'rik man', NULL, NULL, 'lexin-swe');
INSERT INTO Word (id, lemma, part_of_speech, phonetic, phonetic_voice, phonetic_url) VALUES ('20fd2d0b-fe45-4dcb-a85d-0e58643653b7', 'sele', 'subst.', '²sẹ:le', NULL, 'https://lexin.nada.kth.se/sound/v2/310716_1.mp3');
INSERT INTO WordIndex (id, word_id, spell, form) VALUES ('b02dc298-70c3-4ac5-b271-4163ea1f22b8', '20fd2d0b-fe45-4dcb-a85d-0e58643653b7', 'sele', 'obest.f.sing.'), ('e2e832c4-e6bc-490b-b845-836afd35d4b6', '20fd2d0b-fe45-4dcb-a85d-0e58643653b7', 'selen', 'best.f.sing.'), ('46875339-8ecc-4986-9ccb-dcdd0f041694', '20fd2d0b-fe45-4dcb-a85d-0e58643653b7', 'selar', 'obest.f.pl.'), ('43345b00-3d89-4779-8dc7-acd68f62ebea', '20fd2d0b-fe45-4dcb-a85d-0e58643653b7', 'selarna', 'best.f.pl.'), ('60f1657d-4055-4257-86ad-7aadbaa77111', '20fd2d0b-fe45-4dcb-a85d-0e58643653b7', 'seles', NULL), ('5e412ead-1785-497b-81db-601b8e6ead7a', '20fd2d0b-fe45-4dcb-a85d-0e58643653b7', 'selens', NULL), ('0bbbbfc0-5fc9-4231-8d03-a39ef143772d', '20fd2d0b-fe45-4dcb-a85d-0e58643653b7', 'selars', NULL), ('c105c52e-c510-45b8-a391-1420a8c1b6ba', '20fd2d0b-fe45-4dcb-a85d-0e58643653b7', 'selarnas', NULL), ('5fc21747-92a8-4730-a812-51cded69890a', '20fd2d0b-fe45-4dcb-a85d-0e58643653b7', 'seldon', NULL), ('4adc15b2-7bb9-4911-bc55-711a3a85252e', '20fd2d0b-fe45-4dcb-a85d-0e58643653b7', 'seldons', NULL), ('91384cdc-d655-412e-9c30-7f349f46b2b7', '20fd2d0b-fe45-4dcb-a85d-0e58643653b7', 'seldonet', NULL), ('424073fb-7d63-49dc-be17-eca12aefeb1d', '20fd2d0b-fe45-4dcb-a85d-0e58643653b7', 'seldonets', NULL), ('5b7c5788-775e-43ed-8122-be81bcc049ca', '20fd2d0b-fe45-4dcb-a85d-0e58643653b7', 'seldonen', NULL), ('ec58432f-f994-4f11-bd7d-a4ec35ceb9fa', '20fd2d0b-fe45-4dcb-a85d-0e58643653b7', 'seldonens', NULL), ('17d0bdae-ba65-4e3b-9cc4-0b93c0fa3d45', '20fd2d0b-fe45-4dcb-a85d-0e58643653b7', 'sel', NULL), ('2472685a-df66-4add-8fd4-1d2bad2b65fc', '20fd2d0b-fe45-4dcb-a85d-0e58643653b7', 'don', NULL), ('3ef27cdf-e801-49f3-9f18-e8fcb071d2c4', '20fd2d0b-fe45-4dcb-a85d-0e58643653b7', 'dons', NULL), ('bdfd9ba8-09d9-47b3-967d-653df907769e', '20fd2d0b-fe45-4dcb-a85d-0e58643653b7', 'donet', NULL), ('82882834-6c0e-4012-8ccd-c5618287850c', '20fd2d0b-fe45-4dcb-a85d-0e58643653b7', 'donets', NULL), ('857e8084-0500-497b-8115-31385686c6ec', '20fd2d0b-fe45-4dcb-a85d-0e58643653b7', 'donen', NULL), ('89ff6d4c-6d5d-4afc-b344-29bde0a8c281', '20fd2d0b-fe45-4dcb-a85d-0e58643653b7', 'donens', NULL), ('80fbe290-1850-4af6-8133-9dcc44df21c6', '20fd2d0b-fe45-4dcb-a85d-0e58643653b7', 'barnsele', NULL), ('fea14053-687f-4fb0-ab56-4c1e459381d7', '20fd2d0b-fe45-4dcb-a85d-0e58643653b7', 'barnseles', NULL), ('6fb44955-5407-478a-8405-95c3caac515f', '20fd2d0b-fe45-4dcb-a85d-0e58643653b7', 'barnselen', NULL), ('f4a6c8a8-a46a-4c92-b1ea-8e35906dbe12', '20fd2d0b-fe45-4dcb-a85d-0e58643653b7', 'barnselens', NULL), ('a1b7e5a7-3604-4ca3-98eb-232d9da4c6c2', '20fd2d0b-fe45-4dcb-a85d-0e58643653b7', 'barnselar', NULL), ('fc648d14-3eae-46cc-8e0a-dc55846ceee9', '20fd2d0b-fe45-4dcb-a85d-0e58643653b7', 'barnselars', NULL), ('c583b873-dbc6-4da0-beb0-3b5d73fded21', '20fd2d0b-fe45-4dcb-a85d-0e58643653b7', 'barnselarna', NULL), ('22485b18-b7bd-4c6e-a3da-48925f49b314', '20fd2d0b-fe45-4dcb-a85d-0e58643653b7', 'barnselarnas', NULL), ('5aff05ed-c081-4769-a36a-5e849c8d4d7b', '20fd2d0b-fe45-4dcb-a85d-0e58643653b7', 'barn', NULL), ('1b8a1c73-23a6-40d6-b5ee-6091f887eed0', '20fd2d0b-fe45-4dcb-a85d-0e58643653b7', 'säkerhetssele', NULL), ('02fc9c4d-db2d-47b1-bec7-63e5013704d0', '20fd2d0b-fe45-4dcb-a85d-0e58643653b7', 'säkerhetsseles', NULL), ('91cb5227-a7db-467c-9805-6260014cadbb', '20fd2d0b-fe45-4dcb-a85d-0e58643653b7', 'säkerhetsselen', NULL), ('4f499710-b1cf-4d03-9de5-55e73c61c2f3', '20fd2d0b-fe45-4dcb-a85d-0e58643653b7', 'säkerhetsselens', NULL), ('bcd4ab60-b6ab-49b8-9e06-27fd09cd6777', '20fd2d0b-fe45-4dcb-a85d-0e58643653b7', 'säkerhetsselar', NULL), ('81fc0704-5920-46c3-8bc9-e571b68dc81c', '20fd2d0b-fe45-4dcb-a85d-0e58643653b7', 'säkerhetsselars', NULL), ('bccfc5a6-1db6-45be-8df2-d6d3de2b3f92', '20fd2d0b-fe45-4dcb-a85d-0e58643653b7', 'säkerhetsselarna', NULL), ('8c7e35f3-c6a3-4d64-9ee9-5286f0272f24', '20fd2d0b-fe45-4dcb-a85d-0e58643653b7', 'säkerhetsselarnas', NULL), ('a5ac9996-0459-41dc-b9ba-07a95d99fffd', '20fd2d0b-fe45-4dcb-a85d-0e58643653b7', 'säkerhets', NULL);
INSERT INTO Lexeme (id, word_id, definition, example, example_meaning, source) VALUES ('7768d1a3-771a-446e-8eb8-25d6e374d070', '20fd2d0b-fe45-4dcb-a85d-0e58643653b7', 'anordning med remmar för dragdjur och småbarn', NULL, NULL, 'lexin-swe'), ('93a5ccbc-c53b-468d-903b-8fa763965ae7', '20fd2d0b-fe45-4dcb-a85d-0e58643653b7', 'harness', NULL, NULL, 'folkets-lexikon');
INSERT INTO Word (id, lemma, part_of_speech, phonetic, phonetic_voice, phonetic_url) VALUES ('da1ec0a4-f779-4227-8c5f-281a19e039fc', 'sin', 'pron.', 'sin:', NULL, 'https://lexin.nada.kth.se/sound/v2/314119_1.mp3');
INSERT INTO WordIndex (id, word_id, spell, form) VALUES ('5169ade9-927d-445e-975d-5214c7ec358f', 'da1ec0a4-f779-4227-8c5f-281a19e039fc', 'sin', 'nform'), ('a6c0de47-5b3a-4713-a5d1-0be3c1f05a50', 'da1ec0a4-f779-4227-8c5f-281a19e039fc', 'sitt', 'tform'), ('a1425557-b9ef-480a-ade4-7d75c976783f', 'da1ec0a4-f779-4227-8c5f-281a19e039fc', 'sina', 'aform');
INSERT INTO Lexeme (id, word_id, definition, example, example_meaning, source) VALUES ('9a3b1a92-5556-49f5-aac1-1bee50947f3c', 'da1ec0a4-f779-4227-8c5f-281a19e039fc', 'anger ägande e.d. och anknyter till subjekt som "han", "hon", "den", "de" och substantiv', 'han tog sin väska och gick', NULL, 'lexin-swe'), ('a69c73ed-b76a-4707-ac90-ed371ca80fff', 'da1ec0a4-f779-4227-8c5f-281a19e039fc', 'his, one&#39;s, her, its, theirs', 'hon skrev sitt namn', 'she wrote her name', 'folkets-lexikon');
INSERT INTO Word (id, lemma, part_of_speech, phonetic, phonetic_voice, phonetic_url) VALUES ('fc3938db-16fa-4be0-9fe5-f05b82d5e251', 'sitter', 'verb', 'sịt:er', NULL, 'https://lexin.nada.kth.se/sound/sitter.mp3');
INSERT INTO WordIndex (id, word_id, spell, form) VALUES ('aaccc9f5-4e8c-4b52-bb66-5697369ea2f4', 'fc3938db-16fa-4be0-9fe5-f05b82d5e251', 'sitter', 'presens'), ('2dd0303a-a719-407d-b742-da5ea4fdb1c0', 'fc3938db-16fa-4be0-9fe5-f05b82d5e251', 'sitta', 'infinitiv'), ('991dae88-6bdb-4fa7-b275-5eec54f204da', 'fc3938db-16fa-4be0-9fe5-f05b82d5e251', 'satt', 'imperfekt'), ('b5669ac2-1984-44ee-9956-e4d377fe08d7', 'fc3938db-16fa-4be0-9fe5-f05b82d5e251', 'suttit', 'supinum'), ('27920be1-bf11-40ba-b536-b4abb4220d09', 'fc3938db-16fa-4be0-9fe5-f05b82d5e251', 'sitt', 'imperativ'), ('a676e388-892d-4634-8802-8851df1dff42', 'fc3938db-16fa-4be0-9fe5-f05b82d5e251', 'sitts', NULL), ('0dac78d6-8d6d-47c2-90c0-c2d1ab0a1af1', 'fc3938db-16fa-4be0-9fe5-f05b82d5e251', 'satts', NULL), ('7868d2ef-d7cf-40c8-b5de-f1e81e005715', 'fc3938db-16fa-4be0-9fe5-f05b82d5e251', 'suttits', NULL), ('0c89e808-b1c1-4f2d-8661-884687e6e8a4', 'fc3938db-16fa-4be0-9fe5-f05b82d5e251', 'sittmöbel', NULL), ('d43b1de6-bb31-453e-998e-e1484a54cbdd', 'fc3938db-16fa-4be0-9fe5-f05b82d5e251', 'sittmöbels', NULL), ('3795ba7b-53a1-4480-8aca-6caef10bd1a7', 'fc3938db-16fa-4be0-9fe5-f05b82d5e251', 'sittmöbeln', NULL), ('aa474e7d-9ca2-4d61-9fb6-21bd163e206f', 'fc3938db-16fa-4be0-9fe5-f05b82d5e251', 'sittmöbelns', NULL), ('5da5a09d-79e4-4d9b-87f3-ccf64b2bb94f', 'fc3938db-16fa-4be0-9fe5-f05b82d5e251', 'sittmöbler', NULL), ('6a58fe8e-2734-4e3a-8126-714044808691', 'fc3938db-16fa-4be0-9fe5-f05b82d5e251', 'sittmöblers', NULL), ('f737ca34-cd7e-4335-b0e4-7d6688a9bfb2', 'fc3938db-16fa-4be0-9fe5-f05b82d5e251', 'sittmöblerna', NULL), ('2a73e1f6-fa8a-4b13-a222-c56b2a4d36e0', 'fc3938db-16fa-4be0-9fe5-f05b82d5e251', 'sittmöblernas', NULL), ('333b494a-9cb1-4a0e-8803-d917d514d226', 'fc3938db-16fa-4be0-9fe5-f05b82d5e251', 'möbel', NULL), ('b330fae4-f036-434f-b2de-4633925459ae', 'fc3938db-16fa-4be0-9fe5-f05b82d5e251', 'möbels', NULL), ('bfeaf478-2777-4d56-a54f-1d31897ae216', 'fc3938db-16fa-4be0-9fe5-f05b82d5e251', 'möbeln', NULL), ('c39bd4be-d745-4128-93ff-3e23dc47fd7a', 'fc3938db-16fa-4be0-9fe5-f05b82d5e251', 'möbelns', NULL), ('e81306cd-6d71-43e3-8d3d-1e59560fba81', 'fc3938db-16fa-4be0-9fe5-f05b82d5e251', 'möbler', NULL), ('ed4d9ac3-20b3-48cc-aa73-0ed5c8f37d13', 'fc3938db-16fa-4be0-9fe5-f05b82d5e251', 'möblers', NULL), ('f1a8e52f-90af-454a-a8d0-585e7bc4fe28', 'fc3938db-16fa-4be0-9fe5-f05b82d5e251', 'möblerna', NULL), ('6a7bc5dd-b288-4b08-8e9a-b54aaca8043f', 'fc3938db-16fa-4be0-9fe5-f05b82d5e251', 'möblernas', NULL), ('31563047-5a95-4ee5-a649-aaa43c6730c5', 'fc3938db-16fa-4be0-9fe5-f05b82d5e251', 'sittplats', NULL), ('57efbe58-3194-44b7-9045-d1ff6834ef7c', 'fc3938db-16fa-4be0-9fe5-f05b82d5e251', 'sittplatsen', NULL), ('0b60d9e1-5029-42d2-bcfd-8cff944f3405', 'fc3938db-16fa-4be0-9fe5-f05b82d5e251', 'sittplatsens', NULL), ('de58a190-2414-41fd-b10d-86140e6f12d7', 'fc3938db-16fa-4be0-9fe5-f05b82d5e251', 'sittplatser', NULL), ('c04fafcb-dc0c-428e-ad9e-a4ac07d0215e', 'fc3938db-16fa-4be0-9fe5-f05b82d5e251', 'sittplatsers', NULL), ('0e9488dd-14ec-436d-a377-45e682ec5362', 'fc3938db-16fa-4be0-9fe5-f05b82d5e251', 'sittplatserna', NULL), ('29b18693-0808-4d50-ac33-017ce7c1bafb', 'fc3938db-16fa-4be0-9fe5-f05b82d5e251', 'sittplatsernas', NULL), ('3a6df22f-38ae-4c97-912c-8fb8c46fd9fc', 'fc3938db-16fa-4be0-9fe5-f05b82d5e251', 'plats', NULL), ('b8eb55e9-e4d6-4f34-beba-0f5aefac6392', 'fc3938db-16fa-4be0-9fe5-f05b82d5e251', 'platsen', NULL), ('ba4e9634-3110-4734-b105-233eab61c0c6', 'fc3938db-16fa-4be0-9fe5-f05b82d5e251', 'platsens', NULL), ('e8abea83-6849-447d-9dc1-f7ed97e86d51', 'fc3938db-16fa-4be0-9fe5-f05b82d5e251', 'platser', NULL), ('5490b734-4cd6-4319-b19f-5d2baad7440f', 'fc3938db-16fa-4be0-9fe5-f05b82d5e251', 'platsers', NULL), ('5d560fdd-3d9b-4781-bd9d-80427db0b5f4', 'fc3938db-16fa-4be0-9fe5-f05b82d5e251', 'platserna', NULL), ('e5d88a33-7801-477e-ace6-18f78fa8415b', 'fc3938db-16fa-4be0-9fe5-f05b82d5e251', 'platsernas', NULL);
INSERT INTO Lexeme (id, word_id, definition, example, example_meaning, source) VALUES ('ac14434d-3f18-4dff-8425-97bc892f57a3', 'fc3938db-16fa-4be0-9fe5-f05b82d5e251', 'vilar på bakdelen med överkroppen upprätt (ofta på en stol)', 'han satt i fåtöljen och såg på tv', NULL, 'lexin-swe'), ('aa042e35-1da0-472d-82ba-b6038c330039', 'fc3938db-16fa-4be0-9fe5-f05b82d5e251', 'fungerar som, håller på med en viss verksamhet', 'han ska sitta barnvakt i kväll', NULL, 'lexin-swe'), ('87acc271-9256-43e7-a5c6-98e1eef8a6d3', 'fc3938db-16fa-4be0-9fe5-f05b82d5e251', 'är placerad; är säkert fäst', 'spiken satt som berget i väggen', NULL, 'lexin-swe'), ('17f6b000-799a-4ef4-ad50-36a20e546ebf', 'fc3938db-16fa-4be0-9fe5-f05b82d5e251', 'har viss passform, passar (om kläder)', 'byxorna sitter snyggt', NULL, 'lexin-swe'), ('3e4ae012-e519-4c39-8676-f79ec5bde37e', 'fc3938db-16fa-4be0-9fe5-f05b82d5e251', 'be seated (sitting), sit', 'sitta till bords', 'sit down at the table', 'folkets-lexikon'), ('e1513797-847f-4998-a665-cfec6a6746dc', 'fc3938db-16fa-4be0-9fe5-f05b82d5e251', 'be, act (serve) as', 'sitta barnvakt', 'be babysitting', 'folkets-lexikon'), ('b7edf6c9-2a87-41e9-b1f2-7abf97087487', 'fc3938db-16fa-4be0-9fe5-f05b82d5e251', 'be placed (located); be fixed (fitted, kept in place)', 'stolpen sitter som berget', 'the post just won&#39;t budge', 'folkets-lexikon'), ('b86da484-8936-40a3-a92a-9154605679a0', 'fc3938db-16fa-4be0-9fe5-f05b82d5e251', 'fit', 'byxorna sitter snyggt', 'the trousers fit well', 'folkets-lexikon');
INSERT INTO Word (id, lemma, part_of_speech, phonetic, phonetic_voice, phonetic_url) VALUES ('8def8a5b-5add-448c-907b-f249026f6f5b', 'sitter av', 'verb', 'sit:erạ:v', NULL, NULL);
INSERT INTO WordIndex (id, word_id, spell, form) VALUES ('37380bde-4eca-4de8-b6f6-d7b2804a7dff', '8def8a5b-5add-448c-907b-f249026f6f5b', 'sitter av', 'presens'), ('420fb803-f2ac-4473-9b74-0c1daf5ac34c', '8def8a5b-5add-448c-907b-f249026f6f5b', 'sitta av', 'infinitiv'), ('4d49761f-41f3-48c7-a762-91aebab6bcda', '8def8a5b-5add-448c-907b-f249026f6f5b', 'satt av', 'imperfekt'), ('4802ebb8-a7f2-4317-a314-03a33e8830a6', '8def8a5b-5add-448c-907b-f249026f6f5b', 'suttit av', 'supinum'), ('db683498-03aa-4616-885d-07a261396652', '8def8a5b-5add-448c-907b-f249026f6f5b', 'avsutten', 'perf.part.'), ('377dfcbd-03b4-4d6b-9e57-c58e1e58e058', '8def8a5b-5add-448c-907b-f249026f6f5b', 'sitt av', 'imperativ'), ('6792bd11-5399-4b5c-8823-d818a9edfad6', '8def8a5b-5add-448c-907b-f249026f6f5b', 'avsuttens', NULL), ('bf1e1e7b-ce37-4d21-91f8-b32a167230bc', '8def8a5b-5add-448c-907b-f249026f6f5b', 'sitter', NULL), ('fc601100-b22e-4014-87ba-e2ef26e40d81', '8def8a5b-5add-448c-907b-f249026f6f5b', 'sitta', NULL), ('63cfa980-1aac-4ff4-913e-79a267522a92', '8def8a5b-5add-448c-907b-f249026f6f5b', 'satt', NULL), ('a1be9cd0-e5a2-4de2-9a13-03f319862717', '8def8a5b-5add-448c-907b-f249026f6f5b', 'suttit', NULL), ('9b49ade3-ef6b-44b8-b092-4042a6091883', '8def8a5b-5add-448c-907b-f249026f6f5b', 'sitt', NULL);
INSERT INTO Lexeme (id, word_id, definition, example, example_meaning, source) VALUES ('5a74cf9d-e23f-4f24-8429-fc728bbfe0de', '8def8a5b-5add-448c-907b-f249026f6f5b', 'avtjänar (ett straff)', 'han satt av sitt straff och blev fri efter fyra år', NULL, 'lexin-swe');
INSERT INTO Word (id, lemma, part_of_speech, phonetic, phonetic_voice, phonetic_url) VALUES ('fb6f433f-5971-4065-9f53-9b92359a7793', 'sitter åt', 'verb', 'sit:erạ̊:t', NULL, 'https://lexin.nada.kth.se/sound/sitter 0345t.mp3');
INSERT INTO WordIndex (id, word_id, spell, form) VALUES ('e08b2d43-c181-48d3-b557-0c38c3245f64', 'fb6f433f-5971-4065-9f53-9b92359a7793', 'sitter åt', 'presens'), ('f51b9095-aed5-4c0b-8830-af0a857661f0', 'fb6f433f-5971-4065-9f53-9b92359a7793', 'sitta åt', 'infinitiv'), ('7877ea69-88f2-409e-a171-4c601a8b355b', 'fb6f433f-5971-4065-9f53-9b92359a7793', 'satt åt', 'imperfekt'), ('21a380cb-1a10-4a82-8516-5e39a04fd044', 'fb6f433f-5971-4065-9f53-9b92359a7793', 'suttit åt', 'supinum'), ('7605299b-2698-4650-8f4b-c0576a982a2b', 'fb6f433f-5971-4065-9f53-9b92359a7793', 'sitt åt', 'imperativ'), ('9a0021b9-5952-4115-9d1e-d3295a3c0f5d', 'fb6f433f-5971-4065-9f53-9b92359a7793', 'sitter', NULL), ('ed7aa6bf-5c2a-4096-9034-3361e06af5fc', 'fb6f433f-5971-4065-9f53-9b92359a7793', 'sitta', NULL), ('e962c526-00d1-4f4b-ac05-e32f231cee93', 'fb6f433f-5971-4065-9f53-9b92359a7793', 'satt', NULL), ('7a0913a3-bcc0-413e-8925-2e77385b6c18', 'fb6f433f-5971-4065-9f53-9b92359a7793', 'suttit', NULL), ('c16e8e1c-29e8-49d7-9c95-5f07d4c1d28b', 'fb6f433f-5971-4065-9f53-9b92359a7793', 'sitt', NULL);
INSERT INTO Lexeme (id, word_id, definition, example, example_meaning, source) VALUES ('36398187-2c3a-4e2c-94a0-4c6ab11b72ca', 'fb6f433f-5971-4065-9f53-9b92359a7793', 'sitter trångt', 'byxorna sitter åt kring midjan', NULL, 'lexin-swe'), ('11cd54af-1ca7-4c39-a958-00b04af5f69e', 'fb6f433f-5971-4065-9f53-9b92359a7793', 'be too tight, be tight (a tight fit)', 'byxorna sitter åt kring midjan', 'the trousers are too tight round the waist', 'folkets-lexikon');
INSERT INTO Word (id, lemma, part_of_speech, phonetic, phonetic_voice, phonetic_url) VALUES ('e0757d8b-e694-4896-baf1-592da08aa917', 'sjukdom', 'subst.', '²ʃụ:kdom:', NULL, 'https://lexin.nada.kth.se/sound/v2/314932_1.mp3');
INSERT INTO WordIndex (id, word_id, spell, form) VALUES ('49145678-f73b-4078-b22d-9c36087be27e', 'e0757d8b-e694-4896-baf1-592da08aa917', 'sjukdom', 'obest.f.sing.'), ('25d7bacb-b152-48b1-bb40-69d6932fd0c7', 'e0757d8b-e694-4896-baf1-592da08aa917', 'sjukdomen', 'best.f.sing.'), ('71caeaff-1e94-463f-8c0f-1ecb9b5abeae', 'e0757d8b-e694-4896-baf1-592da08aa917', 'sjukdomar', 'obest.f.pl.'), ('cc7a905c-b869-4c08-9e1a-5a4620432b5d', 'e0757d8b-e694-4896-baf1-592da08aa917', 'sjukdomarna', 'best.f.pl.'), ('942dcbe8-faad-47b6-b19c-967f0a4af091', 'e0757d8b-e694-4896-baf1-592da08aa917', 'sjukdoms', NULL), ('1375725d-27fe-49ce-a25c-56809517118d', 'e0757d8b-e694-4896-baf1-592da08aa917', 'sjukdomens', NULL), ('87a1406a-da0f-4a83-8738-8a037106d8b1', 'e0757d8b-e694-4896-baf1-592da08aa917', 'sjukdomars', NULL), ('92aac77b-c956-485a-8cc0-3d6da11d6d24', 'e0757d8b-e694-4896-baf1-592da08aa917', 'sjukdomarnas', NULL), ('e041362a-1550-47fd-98d9-32ba80cf139e', 'e0757d8b-e694-4896-baf1-592da08aa917', 'sjukdomshistoria', NULL), ('c6a0f4b5-ca11-4dcb-a170-368cd43b1d9c', 'e0757d8b-e694-4896-baf1-592da08aa917', 'sjukdomshistorias', NULL), ('b7256f36-aac4-4a60-a366-f3794fa7d02f', 'e0757d8b-e694-4896-baf1-592da08aa917', 'sjukdomshistorien', NULL), ('e135c933-5a45-4a95-bb84-35e77d9a84a4', 'e0757d8b-e694-4896-baf1-592da08aa917', 'sjukdomshistoriens', NULL), ('d3062e4e-d2b5-440c-8a41-1abb38aef799', 'e0757d8b-e694-4896-baf1-592da08aa917', 'historia', NULL), ('42da808e-d1e5-4f5f-ab98-cd04cb617b20', 'e0757d8b-e694-4896-baf1-592da08aa917', 'historias', NULL), ('10aa07f7-c031-409c-9421-2c1978193f4a', 'e0757d8b-e694-4896-baf1-592da08aa917', 'historien', NULL), ('bd285d51-9f02-4574-aafc-592428d9dc0d', 'e0757d8b-e694-4896-baf1-592da08aa917', 'historiens', NULL), ('a83587e6-ba70-4cbc-b11d-2a4f93f297a7', 'e0757d8b-e694-4896-baf1-592da08aa917', 'sjukdomstillstånd', NULL), ('124287e2-327a-4f71-908d-cd746f086bf4', 'e0757d8b-e694-4896-baf1-592da08aa917', 'sjukdomstillstånds', NULL), ('60fb6ebc-bc71-4c05-a791-6500e79158fa', 'e0757d8b-e694-4896-baf1-592da08aa917', 'sjukdomstillståndet', NULL), ('236bffd3-c20b-4920-9158-d71ad1d48bcd', 'e0757d8b-e694-4896-baf1-592da08aa917', 'sjukdomstillståndets', NULL), ('7e40829b-2ea3-4ca0-8380-d957c7d5a213', 'e0757d8b-e694-4896-baf1-592da08aa917', 'sjukdomstillstånden', NULL), ('7b077207-6855-4b89-b173-5307e4543635', 'e0757d8b-e694-4896-baf1-592da08aa917', 'sjukdomstillståndens', NULL), ('3426319b-c3a7-4f1e-8ad0-5eda1d5d19ce', 'e0757d8b-e694-4896-baf1-592da08aa917', 'tillstånd', NULL), ('b7f7cb1d-da07-4eb6-b162-a8d00386e4d3', 'e0757d8b-e694-4896-baf1-592da08aa917', 'tillstånds', NULL), ('b5ebb394-8c62-41f7-86a7-d19d8157ebc8', 'e0757d8b-e694-4896-baf1-592da08aa917', 'tillståndet', NULL), ('2db68978-ebcb-49d0-a003-d382779c2291', 'e0757d8b-e694-4896-baf1-592da08aa917', 'tillståndets', NULL), ('169720ed-ecdf-4d57-a3da-424b6d9dcea4', 'e0757d8b-e694-4896-baf1-592da08aa917', 'tillstånden', NULL), ('a98ca520-90e4-4b33-a2d4-8708ebf99c54', 'e0757d8b-e694-4896-baf1-592da08aa917', 'tillståndens', NULL), ('f69fc7c8-9ab9-41c1-b8e2-f6e822329e75', 'e0757d8b-e694-4896-baf1-592da08aa917', 'arbetssjukdom', NULL), ('9a6576bc-6480-4ff9-9325-93311524575f', 'e0757d8b-e694-4896-baf1-592da08aa917', 'arbetssjukdoms', NULL), ('0a08aa34-8efb-4963-8786-24bc88611be1', 'e0757d8b-e694-4896-baf1-592da08aa917', 'arbetssjukdomen', NULL), ('6580fff1-009f-4ea7-81ab-c533158c3076', 'e0757d8b-e694-4896-baf1-592da08aa917', 'arbetssjukdomens', NULL), ('f5ddc2ce-c0d7-4814-a98b-11b5fc6e32e1', 'e0757d8b-e694-4896-baf1-592da08aa917', 'arbetssjukdomar', NULL), ('4911bfce-012b-4951-8fce-ffcd520d489d', 'e0757d8b-e694-4896-baf1-592da08aa917', 'arbetssjukdomars', NULL), ('e26dc75a-07d7-4e96-a9e7-ed0b06c715f3', 'e0757d8b-e694-4896-baf1-592da08aa917', 'arbetssjukdomarna', NULL), ('a48fd2f9-a752-4056-a148-adf0833b82c0', 'e0757d8b-e694-4896-baf1-592da08aa917', 'arbetssjukdomarnas', NULL), ('1de76b0c-2e8c-4ab7-95a3-62154aaae8c1', 'e0757d8b-e694-4896-baf1-592da08aa917', 'arbets', NULL), ('9a697845-25bb-4248-a87f-b1fab5e63c71', 'e0757d8b-e694-4896-baf1-592da08aa917', 'barnsjukdom', NULL), ('91e4aa3b-d8c0-419b-8663-6fc5fb9d9a35', 'e0757d8b-e694-4896-baf1-592da08aa917', 'barnsjukdoms', NULL), ('a9e10893-714a-4123-b572-ae84a37b4a7a', 'e0757d8b-e694-4896-baf1-592da08aa917', 'barnsjukdomen', NULL), ('17479818-9b5c-4963-8955-30866ac5fa21', 'e0757d8b-e694-4896-baf1-592da08aa917', 'barnsjukdomens', NULL), ('bcea5413-e650-45f8-b2ac-fefe9a9a8b10', 'e0757d8b-e694-4896-baf1-592da08aa917', 'barnsjukdomar', NULL), ('593a2745-ca73-4f33-8670-6112951b7c8d', 'e0757d8b-e694-4896-baf1-592da08aa917', 'barnsjukdomars', NULL), ('469e9ee4-ccfa-4cf2-8e41-0364fb2d5bf8', 'e0757d8b-e694-4896-baf1-592da08aa917', 'barnsjukdomarna', NULL), ('4aaf09df-18eb-4b93-9183-f4162da2a133', 'e0757d8b-e694-4896-baf1-592da08aa917', 'barnsjukdomarnas', NULL), ('73147b98-5e36-4444-86b3-0c26dbce3727', 'e0757d8b-e694-4896-baf1-592da08aa917', 'barn', NULL), ('f4d641d9-d268-42c6-b0d5-a52698eb920f', 'e0757d8b-e694-4896-baf1-592da08aa917', 'bristsjukdom', NULL), ('c74f002b-56e6-40c9-a965-c1a0309f7d1e', 'e0757d8b-e694-4896-baf1-592da08aa917', 'bristsjukdoms', NULL), ('c0b6ac21-d6b3-4cd7-ba3a-209238578e84', 'e0757d8b-e694-4896-baf1-592da08aa917', 'bristsjukdomen', NULL), ('3a9d64be-bea6-4135-8631-3b441af69c7b', 'e0757d8b-e694-4896-baf1-592da08aa917', 'bristsjukdomens', NULL), ('c5ec478a-2c26-4372-bbd2-bd96fd3aa325', 'e0757d8b-e694-4896-baf1-592da08aa917', 'bristsjukdomar', NULL), ('4d62e599-db1b-4e76-9bfc-c888a0cc9473', 'e0757d8b-e694-4896-baf1-592da08aa917', 'bristsjukdomars', NULL), ('e8b56025-5ac9-4c65-9a38-1c2c869065a7', 'e0757d8b-e694-4896-baf1-592da08aa917', 'bristsjukdomarna', NULL), ('05619a22-16e0-4b31-b22f-36381e329906', 'e0757d8b-e694-4896-baf1-592da08aa917', 'bristsjukdomarnas', NULL), ('ecd39774-1888-4695-a250-c228277b0f8c', 'e0757d8b-e694-4896-baf1-592da08aa917', 'brist', NULL), ('1d6837d6-44b2-4fc7-85ea-7268dd9d672c', 'e0757d8b-e694-4896-baf1-592da08aa917', 'halssjukdom', NULL), ('491cbd40-75f7-49d1-afde-fb22ab06892a', 'e0757d8b-e694-4896-baf1-592da08aa917', 'halssjukdoms', NULL), ('deb655ca-c1de-4414-9398-48376332d6a9', 'e0757d8b-e694-4896-baf1-592da08aa917', 'halssjukdomen', NULL), ('2d8ed607-ad8e-4c77-b251-7de0626fe0ff', 'e0757d8b-e694-4896-baf1-592da08aa917', 'halssjukdomens', NULL), ('8aa18034-0967-4369-a44a-d74dc62726e1', 'e0757d8b-e694-4896-baf1-592da08aa917', 'halssjukdomar', NULL), ('422c0a18-87e6-49e1-8f29-007e2c8387c2', 'e0757d8b-e694-4896-baf1-592da08aa917', 'halssjukdomars', NULL), ('b344bf58-a6a2-469d-852e-d62fb73e8859', 'e0757d8b-e694-4896-baf1-592da08aa917', 'halssjukdomarna', NULL), ('615f2939-13f8-4c24-a842-5be793f12664', 'e0757d8b-e694-4896-baf1-592da08aa917', 'halssjukdomarnas', NULL), ('20e9f4a3-e35a-4a2a-a8d0-02e488c97b23', 'e0757d8b-e694-4896-baf1-592da08aa917', 'hals', NULL), ('42f69ca8-b530-4dd1-a453-049a26213740', 'e0757d8b-e694-4896-baf1-592da08aa917', 'hudsjukdom', NULL), ('7751b229-9d48-4d8e-b1b7-7d27dc01a508', 'e0757d8b-e694-4896-baf1-592da08aa917', 'hudsjukdoms', NULL), ('287378b7-2a47-482e-a2c6-750281784071', 'e0757d8b-e694-4896-baf1-592da08aa917', 'hudsjukdomen', NULL), ('4e559928-b00a-480a-939c-cda50453d5b5', 'e0757d8b-e694-4896-baf1-592da08aa917', 'hudsjukdomens', NULL), ('07f497ec-6395-4f77-82cc-98f5d9a0ae8b', 'e0757d8b-e694-4896-baf1-592da08aa917', 'hudsjukdomar', NULL), ('cc995b02-5f03-4fe3-ad51-bff7de0918a8', 'e0757d8b-e694-4896-baf1-592da08aa917', 'hudsjukdomars', NULL), ('e93fac54-adab-44b9-93ed-4756b63dc6b2', 'e0757d8b-e694-4896-baf1-592da08aa917', 'hudsjukdomarna', NULL), ('61dd5146-4232-43cd-9ce1-d446fb0dfcd8', 'e0757d8b-e694-4896-baf1-592da08aa917', 'hudsjukdomarnas', NULL), ('9cee7492-0dae-4392-85a6-0e08d278c70e', 'e0757d8b-e694-4896-baf1-592da08aa917', 'hud', NULL), ('ced3e031-a4a0-4598-a6f4-f3a60ad049b2', 'e0757d8b-e694-4896-baf1-592da08aa917', 'magsjukdom', NULL), ('08b942ba-b456-44a1-8d13-96b479ce5c1f', 'e0757d8b-e694-4896-baf1-592da08aa917', 'magsjukdoms', NULL), ('eac073e4-3057-46d3-b0f9-29f2b780e862', 'e0757d8b-e694-4896-baf1-592da08aa917', 'magsjukdomen', NULL), ('7b524d67-7879-42f7-aa88-3f01fe30ff6c', 'e0757d8b-e694-4896-baf1-592da08aa917', 'magsjukdomens', NULL), ('1a000d4b-4608-4a00-9688-53d0f09ef629', 'e0757d8b-e694-4896-baf1-592da08aa917', 'magsjukdomar', NULL), ('41a32e4d-9244-4e8a-b389-b2449d2236c7', 'e0757d8b-e694-4896-baf1-592da08aa917', 'magsjukdomars', NULL), ('fd9bf150-8d96-4185-adac-e969ae3d5d15', 'e0757d8b-e694-4896-baf1-592da08aa917', 'magsjukdomarna', NULL), ('2258e93b-495f-41bf-b74b-67097f6697de', 'e0757d8b-e694-4896-baf1-592da08aa917', 'magsjukdomarnas', NULL), ('7eda971f-98d1-4e2a-b753-08d999a3cdf0', 'e0757d8b-e694-4896-baf1-592da08aa917', 'mag', NULL), ('cc274c41-2eeb-4161-9278-c47303f1cbff', 'e0757d8b-e694-4896-baf1-592da08aa917', 'virussjukdom', NULL), ('1aed941b-0057-47c1-8ab1-8672252e526e', 'e0757d8b-e694-4896-baf1-592da08aa917', 'virussjukdoms', NULL), ('d1a7fae9-033c-4a30-b82e-31b64a2731b3', 'e0757d8b-e694-4896-baf1-592da08aa917', 'virussjukdomen', NULL), ('84595667-cafa-4558-9d59-c45504f3192f', 'e0757d8b-e694-4896-baf1-592da08aa917', 'virussjukdomens', NULL), ('1b93a24b-58d2-45a1-bfde-46bd0bd61f1b', 'e0757d8b-e694-4896-baf1-592da08aa917', 'virussjukdomar', NULL), ('3d7c0d93-7a13-409e-8a1c-8ae250482fe3', 'e0757d8b-e694-4896-baf1-592da08aa917', 'virussjukdomars', NULL), ('f5100e75-be69-4b4a-9e4b-d1a7cb0c5afb', 'e0757d8b-e694-4896-baf1-592da08aa917', 'virussjukdomarna', NULL), ('82b09a8a-b298-4259-b11e-4f39dca80041', 'e0757d8b-e694-4896-baf1-592da08aa917', 'virussjukdomarnas', NULL), ('b9d3d307-405a-45c7-9464-12a27b25ac9d', 'e0757d8b-e694-4896-baf1-592da08aa917', 'virus', NULL);
INSERT INTO Lexeme (id, word_id, definition, example, example_meaning, source) VALUES ('589f124d-4af6-4846-bb58-5330f346de41', 'e0757d8b-e694-4896-baf1-592da08aa917', 'varaktigt problem med hälsan, åkomma', 'smittosamma sjukdomar', NULL, 'lexin-swe'), ('bd61a512-f270-4cf7-81fe-db6ea858ef2d', 'e0757d8b-e694-4896-baf1-592da08aa917', 'disease, illness, sickness', 'smittosamma sjukdomar', 'infectious disease', 'folkets-lexikon');
INSERT INTO Word (id, lemma, part_of_speech, phonetic, phonetic_voice, phonetic_url) VALUES ('15a27052-7ee4-4e60-9d9f-5899010b30c3', 'skola', 'subst.', '²skọ:la', NULL, 'https://lexin.nada.kth.se/sound/v2/320205_1.mp3');
INSERT INTO WordIndex (id, word_id, spell, form) VALUES ('e836db9a-fcfa-435f-8ca3-fbb99b03f914', '15a27052-7ee4-4e60-9d9f-5899010b30c3', 'skola', 'obest.f.sing.'), ('585e385c-459a-41ae-98ad-426ce8da7b17', '15a27052-7ee4-4e60-9d9f-5899010b30c3', 'skolan', 'best.f.sing.'), ('86d636d6-4f7b-400c-9cd9-6ee9bec91894', '15a27052-7ee4-4e60-9d9f-5899010b30c3', 'skolor', 'obest.f.pl.'), ('a4afdb78-38d9-4a7a-b296-6f9bf8de8888', '15a27052-7ee4-4e60-9d9f-5899010b30c3', 'skolorna', 'best.f.pl.'), ('892c7a6f-0d6b-49ea-8092-70857569af17', '15a27052-7ee4-4e60-9d9f-5899010b30c3', 'skolas', NULL), ('0cb341a5-9478-4f21-b621-c6b8c5ebeb33', '15a27052-7ee4-4e60-9d9f-5899010b30c3', 'skolans', NULL), ('d22102e3-a77e-4a21-96fe-d7a8f642034d', '15a27052-7ee4-4e60-9d9f-5899010b30c3', 'skolors', NULL), ('cd3e4bad-4495-4fde-a2d4-0ea56dadad48', '15a27052-7ee4-4e60-9d9f-5899010b30c3', 'skolornas', NULL), ('4325979b-1a54-4a5a-991e-68ea7585e836', '15a27052-7ee4-4e60-9d9f-5899010b30c3', 'skolbarn', NULL), ('8d6b5797-457a-499a-899b-60a8163a172b', '15a27052-7ee4-4e60-9d9f-5899010b30c3', 'skolbarns', NULL), ('9407c6ac-56a7-4869-9dcd-3e5d98ac83e2', '15a27052-7ee4-4e60-9d9f-5899010b30c3', 'skolbarnet', NULL), ('fc7835ef-0673-48d5-bc83-78316b46345d', '15a27052-7ee4-4e60-9d9f-5899010b30c3', 'skolbarnets', NULL), ('9e48ce79-d3c2-45cb-822b-2927df47c3bc', '15a27052-7ee4-4e60-9d9f-5899010b30c3', 'skolbarnen', NULL), ('6c0a8f33-2fe7-42de-b260-fee5f5a109ca', '15a27052-7ee4-4e60-9d9f-5899010b30c3', 'skolbarnens', NULL), ('54b7f785-fdf8-43dc-998a-0424be43e5ae', '15a27052-7ee4-4e60-9d9f-5899010b30c3', 'skol', NULL), ('480775a5-b327-4350-b7e2-924501e6b3e6', '15a27052-7ee4-4e60-9d9f-5899010b30c3', 'barn', NULL), ('ea3153d7-d7b6-46d3-af66-864662dbc91d', '15a27052-7ee4-4e60-9d9f-5899010b30c3', 'barns', NULL), ('76e38b32-305b-446e-a73e-752438662afa', '15a27052-7ee4-4e60-9d9f-5899010b30c3', 'barnet', NULL), ('e2cd1026-3774-4437-bb95-1785e13ac4f2', '15a27052-7ee4-4e60-9d9f-5899010b30c3', 'barnets', NULL), ('410da30d-a7d5-42d6-9708-f3f684211850', '15a27052-7ee4-4e60-9d9f-5899010b30c3', 'barnen', NULL), ('776f0880-158c-4ee5-8176-07b5b466d3cc', '15a27052-7ee4-4e60-9d9f-5899010b30c3', 'barnens', NULL), ('b681892f-49fb-4924-bca3-cc302ae61521', '15a27052-7ee4-4e60-9d9f-5899010b30c3', 'skoldag', NULL), ('c3f8d9df-aea0-4736-8eaf-b4c9f59848ca', '15a27052-7ee4-4e60-9d9f-5899010b30c3', 'skoldags', NULL), ('d983ba5c-9bcd-499b-a774-65a2077d565e', '15a27052-7ee4-4e60-9d9f-5899010b30c3', 'skoldagen', NULL), ('bed62abd-cb3e-4613-85bf-f17fac606241', '15a27052-7ee4-4e60-9d9f-5899010b30c3', 'skoldagens', NULL), ('54fd7582-4596-470f-89a7-98badb65af65', '15a27052-7ee4-4e60-9d9f-5899010b30c3', 'skoldagar', NULL), ('2e11ee2f-3d3e-46aa-b653-03aae02e1d3a', '15a27052-7ee4-4e60-9d9f-5899010b30c3', 'skoldagars', NULL), ('98e0048a-1cf7-4230-a524-5910314d07b6', '15a27052-7ee4-4e60-9d9f-5899010b30c3', 'skoldagarna', NULL), ('76f0df6d-986c-49c6-b6d0-9f9a01fef23e', '15a27052-7ee4-4e60-9d9f-5899010b30c3', 'skoldagarnas', NULL), ('4d7bd42d-17f2-45b8-b9d1-7fccb2456774', '15a27052-7ee4-4e60-9d9f-5899010b30c3', 'dag', NULL), ('fec0a360-ba39-436d-af15-d2f419b2601f', '15a27052-7ee4-4e60-9d9f-5899010b30c3', 'dags', NULL), ('2364adae-5d0b-4e31-a879-81adb9b0a4b7', '15a27052-7ee4-4e60-9d9f-5899010b30c3', 'dagen', NULL), ('21bc237c-117f-4144-8604-8f63a0b27561', '15a27052-7ee4-4e60-9d9f-5899010b30c3', 'dagens', NULL), ('eee6f753-a178-49ad-9416-18e254eae7ef', '15a27052-7ee4-4e60-9d9f-5899010b30c3', 'dagar', NULL), ('7be78bf6-de04-4b36-b355-7fbd611813c5', '15a27052-7ee4-4e60-9d9f-5899010b30c3', 'dagars', NULL), ('73fab76f-a3e8-41f1-b756-10a7dd4877f7', '15a27052-7ee4-4e60-9d9f-5899010b30c3', 'dagarna', NULL), ('49132c5f-22e6-48a7-9612-2de886d6182f', '15a27052-7ee4-4e60-9d9f-5899010b30c3', 'dagarnas', NULL), ('ec86f205-10c1-4826-8873-a3884520152f', '15a27052-7ee4-4e60-9d9f-5899010b30c3', 'skolledning', NULL), ('601dd17e-e799-4add-a96e-e4af0c16c7cf', '15a27052-7ee4-4e60-9d9f-5899010b30c3', 'skollednings', NULL), ('4969581c-323e-42e5-a4be-ee53940cd164', '15a27052-7ee4-4e60-9d9f-5899010b30c3', 'skolledningen', NULL), ('ed3d84c7-72d0-41b7-8924-b5a2e85bdbc3', '15a27052-7ee4-4e60-9d9f-5899010b30c3', 'skolledningens', NULL), ('bb00a0bc-2958-4a8b-8bb1-ea1296df7361', '15a27052-7ee4-4e60-9d9f-5899010b30c3', 'skolledningar', NULL), ('0b84aae7-2949-4ebe-b5b7-40f65dc72df5', '15a27052-7ee4-4e60-9d9f-5899010b30c3', 'skolledningars', NULL), ('505857a0-a012-4500-9c85-a9af51161120', '15a27052-7ee4-4e60-9d9f-5899010b30c3', 'skolledningarna', NULL), ('6ec2d0f2-9314-4bae-b659-4f81d1a48fba', '15a27052-7ee4-4e60-9d9f-5899010b30c3', 'skolledningarnas', NULL), ('09dcc66f-21ee-415f-855d-6216e12f8fcb', '15a27052-7ee4-4e60-9d9f-5899010b30c3', 'ledning', NULL), ('3ea6ecd8-63d3-44d4-a320-4a08be7fc7f2', '15a27052-7ee4-4e60-9d9f-5899010b30c3', 'lednings', NULL), ('9c62bd8f-5d5a-4bfb-b457-c41f10c02708', '15a27052-7ee4-4e60-9d9f-5899010b30c3', 'ledningen', NULL), ('6fa408b2-3817-467d-bcf7-3a6d68f09bee', '15a27052-7ee4-4e60-9d9f-5899010b30c3', 'ledningens', NULL), ('43b8ff3d-23c7-4fb5-a022-d0f1237cd91c', '15a27052-7ee4-4e60-9d9f-5899010b30c3', 'ledningar', NULL), ('6a7d6d97-46f6-407e-b276-c66847ee7398', '15a27052-7ee4-4e60-9d9f-5899010b30c3', 'ledningars', NULL), ('9028cf81-5438-4b80-b5cc-f6796592f9ff', '15a27052-7ee4-4e60-9d9f-5899010b30c3', 'ledningarna', NULL), ('f01aaaac-74ec-428e-8842-4656d2c3d48b', '15a27052-7ee4-4e60-9d9f-5899010b30c3', 'ledningarnas', NULL), ('04416c67-404a-4bc7-bfab-d5590c6e4069', '15a27052-7ee4-4e60-9d9f-5899010b30c3', 'skolämne', NULL), ('131a0585-d87d-4b80-bf3c-abddde56ed52', '15a27052-7ee4-4e60-9d9f-5899010b30c3', 'skolämnes', NULL), ('e4813093-5d06-487b-bc5f-58dcf4da3794', '15a27052-7ee4-4e60-9d9f-5899010b30c3', 'skolämnet', NULL), ('71d19b4a-b2a9-4bc1-b5e6-2ca6abacc48f', '15a27052-7ee4-4e60-9d9f-5899010b30c3', 'skolämnets', NULL), ('14cd67f4-4fff-48ec-a21f-f07f61d4605e', '15a27052-7ee4-4e60-9d9f-5899010b30c3', 'skolämnen', NULL), ('caf109d4-8982-44e7-a24f-612a3bbc47e5', '15a27052-7ee4-4e60-9d9f-5899010b30c3', 'skolämnens', NULL), ('16cbe432-fb75-40d2-be01-98c60826af0a', '15a27052-7ee4-4e60-9d9f-5899010b30c3', 'skolämnena', NULL), ('b6f0695a-0c51-4e59-ac50-2e48aaa12243', '15a27052-7ee4-4e60-9d9f-5899010b30c3', 'skolämnenas', NULL), ('4bf8e6bf-0a3d-480f-a477-e548372fa9e6', '15a27052-7ee4-4e60-9d9f-5899010b30c3', 'ämne', NULL), ('79205e6d-487c-4831-b914-a7ff47ffc757', '15a27052-7ee4-4e60-9d9f-5899010b30c3', 'ämnes', NULL), ('8dd1f3e8-98ee-4759-bef6-dd2326986ba0', '15a27052-7ee4-4e60-9d9f-5899010b30c3', 'ämnet', NULL), ('f44852e4-d5cc-4813-87d0-2e6d050c78e1', '15a27052-7ee4-4e60-9d9f-5899010b30c3', 'ämnets', NULL), ('46a083b1-9a1c-48db-864b-87709013387f', '15a27052-7ee4-4e60-9d9f-5899010b30c3', 'ämnen', NULL), ('aa8d50ae-43f6-4416-a2ca-36d27d88433b', '15a27052-7ee4-4e60-9d9f-5899010b30c3', 'ämnens', NULL), ('b2e87f75-1a54-42a0-b229-879cc8fb27fe', '15a27052-7ee4-4e60-9d9f-5899010b30c3', 'ämnena', NULL), ('c9a7d954-c404-4315-8892-f6b23e853ceb', '15a27052-7ee4-4e60-9d9f-5899010b30c3', 'ämnenas', NULL), ('5b1172ce-2aac-45a2-a304-d1fe8d717e23', '15a27052-7ee4-4e60-9d9f-5899010b30c3', 'kanotskola', NULL), ('ce1c9a2b-4597-49e7-8f85-df694674fae0', '15a27052-7ee4-4e60-9d9f-5899010b30c3', 'kanotskolas', NULL), ('2b4d9198-6741-4f42-9891-6ddc9050e416', '15a27052-7ee4-4e60-9d9f-5899010b30c3', 'kanotskolan', NULL), ('b7be6089-0eb1-42fb-9846-c7fa56b636e4', '15a27052-7ee4-4e60-9d9f-5899010b30c3', 'kanotskolans', NULL), ('b8931e4c-d1f0-4e91-aa4c-5d4cfe99ee89', '15a27052-7ee4-4e60-9d9f-5899010b30c3', 'kanotskolor', NULL), ('7ab81f36-1514-46fb-9630-bb3c26a36bf7', '15a27052-7ee4-4e60-9d9f-5899010b30c3', 'kanotskolors', NULL), ('8afb03cf-bcf5-4e1b-9b76-e6cccc846211', '15a27052-7ee4-4e60-9d9f-5899010b30c3', 'kanotskolorna', NULL), ('abb4fa51-82ba-44cc-944f-821dc26511b4', '15a27052-7ee4-4e60-9d9f-5899010b30c3', 'kanotskolornas', NULL), ('24361cc0-706e-4b69-bc1f-2c27f2105da8', '15a27052-7ee4-4e60-9d9f-5899010b30c3', 'kanotskolar', NULL), ('61d0dc35-ae77-4011-928d-b1e5b9a0a50c', '15a27052-7ee4-4e60-9d9f-5899010b30c3', 'kanotskolade', NULL), ('6038333a-68dc-4bc6-9c6b-1b2b45dd53c7', '15a27052-7ee4-4e60-9d9f-5899010b30c3', 'kanotskolat', NULL), ('ea68822f-587e-44a9-8bcb-7b9a3047a29d', '15a27052-7ee4-4e60-9d9f-5899010b30c3', 'kanotskolande', NULL), ('e2bb6add-8ad7-499c-8c13-6b1501fe5d49', '15a27052-7ee4-4e60-9d9f-5899010b30c3', 'kanotskolades', NULL), ('ea6b3da3-fa37-4f06-94a7-347c88516649', '15a27052-7ee4-4e60-9d9f-5899010b30c3', 'kanotskolats', NULL), ('315b82cd-91f2-4147-83f5-435a425b6e94', '15a27052-7ee4-4e60-9d9f-5899010b30c3', 'kanotskolad', NULL), ('ce531c48-efe6-4ca3-bda9-c96ee054ede8', '15a27052-7ee4-4e60-9d9f-5899010b30c3', 'kanotskall', NULL), ('294bf326-d050-445d-9091-3e514e06eafa', '15a27052-7ee4-4e60-9d9f-5899010b30c3', 'kanotska', NULL), ('3af2f663-9469-42fd-a93f-2030c81874ca', '15a27052-7ee4-4e60-9d9f-5899010b30c3', 'kanotskulle', NULL), ('a02f8b0e-0173-4277-8654-436d413dbfef', '15a27052-7ee4-4e60-9d9f-5899010b30c3', 'kanot', NULL), ('fafdd768-838b-4517-85a4-cfc397942da0', '15a27052-7ee4-4e60-9d9f-5899010b30c3', 'skolar', NULL), ('f55bba4c-8dd6-4c4e-ad07-fbf05fd3f332', '15a27052-7ee4-4e60-9d9f-5899010b30c3', 'skolade', NULL), ('d1ddfd2b-7850-417b-bcac-eefca3eef257', '15a27052-7ee4-4e60-9d9f-5899010b30c3', 'skolat', NULL), ('9152430d-7688-4f72-ac3f-0a858e456de0', '15a27052-7ee4-4e60-9d9f-5899010b30c3', 'skolande', NULL), ('24c80ba3-50eb-4910-bab8-954902052d7b', '15a27052-7ee4-4e60-9d9f-5899010b30c3', 'skolades', NULL), ('1978fabb-8d53-4f29-8349-4edff34216f5', '15a27052-7ee4-4e60-9d9f-5899010b30c3', 'skolats', NULL), ('4fa35319-bb89-4932-b3ce-e77781a4ffce', '15a27052-7ee4-4e60-9d9f-5899010b30c3', 'skolad', NULL), ('32eb7c12-1912-4b66-b46b-7ae986ee8df4', '15a27052-7ee4-4e60-9d9f-5899010b30c3', 'skall', NULL), ('df6fe907-86b9-4d52-b19d-4cd2654d2f51', '15a27052-7ee4-4e60-9d9f-5899010b30c3', 'ska', NULL), ('9dfded7a-66cb-4c17-8565-664a92817444', '15a27052-7ee4-4e60-9d9f-5899010b30c3', 'skulle', NULL), ('45d884d5-42d9-45d2-8f13-def885e7ac20', '15a27052-7ee4-4e60-9d9f-5899010b30c3', 'simskola', NULL), ('75392291-1b85-4188-881d-6cac04f533df', '15a27052-7ee4-4e60-9d9f-5899010b30c3', 'simskolas', NULL), ('9ad5e886-2635-4a1a-9cfb-8e3e97f1ba8a', '15a27052-7ee4-4e60-9d9f-5899010b30c3', 'simskolan', NULL), ('1974e545-3b40-41a2-a7ce-739090f283a4', '15a27052-7ee4-4e60-9d9f-5899010b30c3', 'simskolans', NULL), ('008a928b-4dbc-4e42-a6d2-27851999b99f', '15a27052-7ee4-4e60-9d9f-5899010b30c3', 'simskolor', NULL), ('4ffca0de-c8c0-4435-959c-ac095fad7b01', '15a27052-7ee4-4e60-9d9f-5899010b30c3', 'simskolors', NULL), ('a4c923ca-5ebd-4a3c-a72a-2e168645a9db', '15a27052-7ee4-4e60-9d9f-5899010b30c3', 'simskolorna', NULL), ('80d99ba2-5374-41c2-9985-dee78a560c3a', '15a27052-7ee4-4e60-9d9f-5899010b30c3', 'simskolornas', NULL), ('ab4dd2c8-6ecd-4635-a524-777108d690ef', '15a27052-7ee4-4e60-9d9f-5899010b30c3', 'sim', NULL);
INSERT INTO Lexeme (id, word_id, definition, example, example_meaning, source) VALUES ('dff3248e-ff0d-413f-abb6-15df30d8037f', '15a27052-7ee4-4e60-9d9f-5899010b30c3', 'läroanstalt; undervisning', 'Per är bara 6 år men går redan i skolan', NULL, 'lexin-swe'), ('a1fcace7-c650-40ad-a234-7a5568a15b1d', '15a27052-7ee4-4e60-9d9f-5899010b30c3', 'riktning inom konst, vetenskap etc.', 'en teori som bildade skola', NULL, 'lexin-swe'), ('a31654a1-1ce8-4236-8d4c-47771e9cd3b4', '15a27052-7ee4-4e60-9d9f-5899010b30c3', 'school', 'skolan börjar klockan åtta', 'school begins at eight', 'folkets-lexikon'), ('96d28c8d-3cfa-410b-b4e1-e7dd23baa626', '15a27052-7ee4-4e60-9d9f-5899010b30c3', 'school, college', NULL, NULL, 'folkets-lexikon'), ('5e2367f6-d4ea-4b53-9236-679b46f06a12', '15a27052-7ee4-4e60-9d9f-5899010b30c3', 'school [of art]', 'bilda skola', 'form a school of art', 'folkets-lexikon');
INSERT INTO Word (id, lemma, part_of_speech, phonetic, phonetic_voice, phonetic_url) VALUES ('8930e7e9-2d08-40cc-a306-7a925e699e00', 'små', 'adj., ingen böjning', 'små:', NULL, 'https://lexin.nada.kth.se/sound/v2/328960_1.mp3');
INSERT INTO WordIndex (id, word_id, spell, form) VALUES ('ba075bbb-cc66-4134-9355-56b7a5e0b86d', '8930e7e9-2d08-40cc-a306-7a925e699e00', 'småbarn', NULL), ('56a73f54-8f84-4dd0-8623-680433d9d210', '8930e7e9-2d08-40cc-a306-7a925e699e00', 'småbarns', NULL), ('2514e754-3e1c-42b2-80f1-b6363521b610', '8930e7e9-2d08-40cc-a306-7a925e699e00', 'småbarnet', NULL), ('2951e02f-11e8-4457-923f-5706c3394ae2', '8930e7e9-2d08-40cc-a306-7a925e699e00', 'småbarnets', NULL), ('a221a1cb-435e-4b33-99be-a276b07ca308', '8930e7e9-2d08-40cc-a306-7a925e699e00', 'småbarnen', NULL), ('2b028867-687b-4af2-b4c2-ff85080c265c', '8930e7e9-2d08-40cc-a306-7a925e699e00', 'småbarnens', NULL), ('cd2303e8-b612-474f-9b1c-d3872ea26af7', '8930e7e9-2d08-40cc-a306-7a925e699e00', 'små', NULL), ('392220ab-1899-458b-a97f-060b8e4af97a', '8930e7e9-2d08-40cc-a306-7a925e699e00', 'barn', NULL), ('e357c840-34e6-4961-9372-4687b841ed93', '8930e7e9-2d08-40cc-a306-7a925e699e00', 'barns', NULL), ('ff102ca4-80cc-4685-9075-f868754b475e', '8930e7e9-2d08-40cc-a306-7a925e699e00', 'barnet', NULL), ('eb8fb9c6-35ec-4a54-8f67-85e8c1a0532d', '8930e7e9-2d08-40cc-a306-7a925e699e00', 'barnets', NULL), ('ebf5af9c-1caf-4221-9af5-b30e07e2f9e6', '8930e7e9-2d08-40cc-a306-7a925e699e00', 'barnen', NULL), ('81ad6121-eaff-4a37-96ef-9d2e50362848', '8930e7e9-2d08-40cc-a306-7a925e699e00', 'barnens', NULL), ('3033f42c-d560-4ed3-8e3f-69bc0efe2931', '8930e7e9-2d08-40cc-a306-7a925e699e00', 'småföretag', NULL), ('9ba859e4-9617-4975-aa3b-6a3ac0ece54c', '8930e7e9-2d08-40cc-a306-7a925e699e00', 'småföretags', NULL), ('9128694e-0a65-4e4a-a12c-c35f3a696a85', '8930e7e9-2d08-40cc-a306-7a925e699e00', 'småföretaget', NULL), ('554e5a05-72d8-4ff0-9b6b-8a34aff6b4d8', '8930e7e9-2d08-40cc-a306-7a925e699e00', 'småföretagets', NULL), ('a8a0455a-7aef-4d1c-9de0-35cde123a7da', '8930e7e9-2d08-40cc-a306-7a925e699e00', 'småföretagen', NULL), ('b9ce389a-50fd-4351-bae0-3da9feaf16b3', '8930e7e9-2d08-40cc-a306-7a925e699e00', 'småföretagens', NULL), ('0c600fe2-542e-4cf6-a1ac-f167255f5f6c', '8930e7e9-2d08-40cc-a306-7a925e699e00', 'företag', NULL), ('7de27eac-a5d7-43aa-b7e7-239f7730a0ba', '8930e7e9-2d08-40cc-a306-7a925e699e00', 'företags', NULL), ('2f277e75-32a8-41dd-be12-90d91272d106', '8930e7e9-2d08-40cc-a306-7a925e699e00', 'företaget', NULL), ('97776e36-59f6-47ba-84c7-2789bb65e10b', '8930e7e9-2d08-40cc-a306-7a925e699e00', 'företagets', NULL), ('ea617a85-0ead-4b98-a800-0589750dd51f', '8930e7e9-2d08-40cc-a306-7a925e699e00', 'företagen', NULL), ('3f47dd90-7f5c-4a26-ad06-5d3b82080975', '8930e7e9-2d08-40cc-a306-7a925e699e00', 'företagens', NULL);
INSERT INTO Lexeme (id, word_id, definition, example, example_meaning, source) VALUES ('27b70735-8aba-46e5-9ae2-e53ca9d49441', '8930e7e9-2d08-40cc-a306-7a925e699e00', 'obetydliga ifråga om utsträckning eller omfattning', 'han har små chanser mot världsmästaren', NULL, 'lexin-swe');
INSERT INTO Word (id, lemma, part_of_speech, phonetic, phonetic_voice, phonetic_url) VALUES ('159ed95a-0273-4514-994c-a76135a1a1b9', 'späd', 'adj.', 'spä:d', NULL, 'https://lexin.nada.kth.se/sound/v2/338740_1.mp3');
INSERT INTO WordIndex (id, word_id, spell, form) VALUES ('7d208b5d-1c75-444a-842b-c65857a82378', '159ed95a-0273-4514-994c-a76135a1a1b9', 'späd', 'nform'), ('cc29ef8a-de87-48d6-a96d-9ebf9b8a450f', '159ed95a-0273-4514-994c-a76135a1a1b9', 'spätt', 'tform'), ('586f5ccf-ad0c-4a67-970e-3a61bfe48fc2', '159ed95a-0273-4514-994c-a76135a1a1b9', 'späda', 'aform'), ('f7eff3f8-db1a-4f38-ab7c-032e3f479de5', '159ed95a-0273-4514-994c-a76135a1a1b9', 'späde', NULL), ('59774420-8ab8-4f9b-9797-7a2dce0e12d7', '159ed95a-0273-4514-994c-a76135a1a1b9', 'spädare', NULL), ('f0a9135f-53b7-48cd-99a9-d32759abb438', '159ed95a-0273-4514-994c-a76135a1a1b9', 'spädast', NULL), ('410c1360-0165-47cf-827b-291fc1ade83b', '159ed95a-0273-4514-994c-a76135a1a1b9', 'spädaste', NULL), ('aa0d4a34-a63b-4c33-8dd1-ed18bc3aee3a', '159ed95a-0273-4514-994c-a76135a1a1b9', 'spädbarn', NULL), ('4004b74d-3413-4cd0-b2d4-3137a38ab90c', '159ed95a-0273-4514-994c-a76135a1a1b9', 'spädbarns', NULL), ('7d29c04b-7ced-41e9-bef3-ac01c4e6a316', '159ed95a-0273-4514-994c-a76135a1a1b9', 'spädbarnet', NULL), ('810815d6-10f4-4169-a8bf-7fbc4fb30206', '159ed95a-0273-4514-994c-a76135a1a1b9', 'spädbarnets', NULL), ('0b0ebc03-4761-4b65-8e38-26961ee13d35', '159ed95a-0273-4514-994c-a76135a1a1b9', 'spädbarnen', NULL), ('19d8970b-0815-4468-a533-15d39689a2a3', '159ed95a-0273-4514-994c-a76135a1a1b9', 'spädbarnens', NULL), ('1b8f2281-b601-4417-be75-c144affa7dac', '159ed95a-0273-4514-994c-a76135a1a1b9', 'barn', NULL), ('2de62913-1eed-4170-9440-dadd81cd35fa', '159ed95a-0273-4514-994c-a76135a1a1b9', 'barns', NULL), ('de91541b-e614-4b3c-b1d2-675f1756f28d', '159ed95a-0273-4514-994c-a76135a1a1b9', 'barnet', NULL), ('2f8e8fbd-6ba5-4c65-980d-788b814ecc61', '159ed95a-0273-4514-994c-a76135a1a1b9', 'barnets', NULL), ('c13cd263-dd91-4ac4-888b-96e1a08c9b27', '159ed95a-0273-4514-994c-a76135a1a1b9', 'barnen', NULL), ('d1d5c53b-9245-450a-97d7-659e0e2d0944', '159ed95a-0273-4514-994c-a76135a1a1b9', 'barnens', NULL);
INSERT INTO Lexeme (id, word_id, definition, example, example_meaning, source) VALUES ('11620372-0693-4a75-9759-67289e70b947', '159ed95a-0273-4514-994c-a76135a1a1b9', 'som nyss börjat leva; vek, svag', 'späda plantor', NULL, 'lexin-swe'), ('b6707156-df47-4469-a577-c4526e870642', '159ed95a-0273-4514-994c-a76135a1a1b9', 'delicate, young, tender', 'vid späd ålder', 'at a tender age', 'folkets-lexikon');
INSERT INTO Word (id, lemma, part_of_speech, phonetic, phonetic_voice, phonetic_url) VALUES ('85a6ddf8-f21c-4e47-b9ca-db650e5fd520', 'strejk', 'subst.', 'strej:k', NULL, 'https://lexin.nada.kth.se/sound/v2/344579_1.mp3');
INSERT INTO WordIndex (id, word_id, spell, form) VALUES ('25514d98-2b2e-401c-808a-497b103b47c1', '85a6ddf8-f21c-4e47-b9ca-db650e5fd520', 'strejk', 'obest.f.sing.'), ('d212c380-1445-417e-84ea-0b3c9adf6ed7', '85a6ddf8-f21c-4e47-b9ca-db650e5fd520', 'strejken', 'best.f.sing.'), ('3a6725a5-11d2-4f07-96db-c38e365b6689', '85a6ddf8-f21c-4e47-b9ca-db650e5fd520', 'strejker', 'obest.f.pl.'), ('f42dbf8d-90bd-4a8c-8cd4-a0f220f0a8f8', '85a6ddf8-f21c-4e47-b9ca-db650e5fd520', 'strejkerna', 'best.f.pl.'), ('186d8dd9-1599-44ea-911b-242f63b723c3', '85a6ddf8-f21c-4e47-b9ca-db650e5fd520', 'strejks', NULL), ('25ae05f4-3560-4b84-a6e6-e67181c99784', '85a6ddf8-f21c-4e47-b9ca-db650e5fd520', 'strejkens', NULL), ('740b39d2-99fb-43cd-9b70-28f55e099611', '85a6ddf8-f21c-4e47-b9ca-db650e5fd520', 'strejkers', NULL), ('cbb4dabd-0e09-4263-b3a1-cbb743af4abd', '85a6ddf8-f21c-4e47-b9ca-db650e5fd520', 'strejkernas', NULL), ('6c2dc519-f499-4cac-93a2-07bd3af09339', '85a6ddf8-f21c-4e47-b9ca-db650e5fd520', 'strejkbrytare', NULL), ('626de08d-ecc6-4789-a155-6a97405245b1', '85a6ddf8-f21c-4e47-b9ca-db650e5fd520', 'strejkbrytares', NULL), ('779776ae-3309-490a-8a19-796e88433bef', '85a6ddf8-f21c-4e47-b9ca-db650e5fd520', 'strejkbrytaren', NULL), ('952f6da1-d607-457a-a48d-8756e53454ff', '85a6ddf8-f21c-4e47-b9ca-db650e5fd520', 'strejkbrytarens', NULL), ('f63af1ad-dcd4-4fa1-9099-e5608ce172c9', '85a6ddf8-f21c-4e47-b9ca-db650e5fd520', 'strejkbrytarna', NULL), ('0ffd8150-bd63-43a2-9abb-65aa08195586', '85a6ddf8-f21c-4e47-b9ca-db650e5fd520', 'strejkbrytarnas', NULL), ('f412a4b4-fb22-45e0-9b4b-5393907ad9ca', '85a6ddf8-f21c-4e47-b9ca-db650e5fd520', 'brytare', NULL), ('3fb49daf-549a-445a-825d-2e0fdc136181', '85a6ddf8-f21c-4e47-b9ca-db650e5fd520', 'brytares', NULL), ('960e81d3-43fe-414d-8753-192ff77ce872', '85a6ddf8-f21c-4e47-b9ca-db650e5fd520', 'brytaren', NULL), ('e3ef31af-6b07-4087-aa2c-c28342f4fcd7', '85a6ddf8-f21c-4e47-b9ca-db650e5fd520', 'brytarens', NULL), ('d15c1655-9ce7-4d31-bdd9-b3251b9daecd', '85a6ddf8-f21c-4e47-b9ca-db650e5fd520', 'brytarna', NULL), ('0def58ea-1f23-4a8c-ba2b-1cd1b5b2518a', '85a6ddf8-f21c-4e47-b9ca-db650e5fd520', 'brytarnas', NULL), ('e3eeda24-403f-4ccc-b4ba-3c880bf3bed8', '85a6ddf8-f21c-4e47-b9ca-db650e5fd520', 'sittstrejk', NULL), ('04ae7fde-b3ee-4a39-8cec-73c06507e3e7', '85a6ddf8-f21c-4e47-b9ca-db650e5fd520', 'sittstrejks', NULL), ('9a306926-4221-44ae-8d82-101e4978e3f5', '85a6ddf8-f21c-4e47-b9ca-db650e5fd520', 'sittstrejken', NULL), ('e40d0410-826e-4234-903b-46a1a59b5634', '85a6ddf8-f21c-4e47-b9ca-db650e5fd520', 'sittstrejkens', NULL), ('e36679b5-17be-45c1-b168-a51ea8d6f15b', '85a6ddf8-f21c-4e47-b9ca-db650e5fd520', 'sittstrejker', NULL), ('382c7c38-5b73-4776-8307-b06d351a376a', '85a6ddf8-f21c-4e47-b9ca-db650e5fd520', 'sittstrejkers', NULL), ('1c354659-c457-4844-9086-65bd25f44f04', '85a6ddf8-f21c-4e47-b9ca-db650e5fd520', 'sittstrejkerna', NULL), ('a9936e39-5142-46a3-a79f-f0edfb027f7d', '85a6ddf8-f21c-4e47-b9ca-db650e5fd520', 'sittstrejkernas', NULL), ('9334888a-0742-4e1e-8804-b18649216b0b', '85a6ddf8-f21c-4e47-b9ca-db650e5fd520', 'sitt', NULL);
INSERT INTO Lexeme (id, word_id, definition, example, example_meaning, source) VALUES ('f7303189-f2f3-4541-a51e-55202d3cc173', '85a6ddf8-f21c-4e47-b9ca-db650e5fd520', 'vägran att arbeta för att få vissa krav uppfyllda, arbetsnedläggelse', 'de anställda gick i strejk för kortare arbetstid', NULL, 'lexin-swe'), ('2a8bd9e3-f94d-4c28-a2e4-e89a4e6c4ce1', '85a6ddf8-f21c-4e47-b9ca-db650e5fd520', 'strike', 'de anställda gick i strejk', 'the employees went on strike', 'folkets-lexikon');
INSERT INTO Word (id, lemma, part_of_speech, phonetic, phonetic_voice, phonetic_url) VALUES ('76693988-5be1-4608-9c36-73798cc0b1cf', 'suger upp', 'verb', 'su:gerụp:', NULL, NULL);
INSERT INTO WordIndex (id, word_id, spell, form) VALUES ('c73d983e-0484-4995-a2ce-7b9501f2c365', '76693988-5be1-4608-9c36-73798cc0b1cf', 'suger upp', 'presens'), ('33445e60-aa15-4a4d-9804-ffed96b18120', '76693988-5be1-4608-9c36-73798cc0b1cf', 'suga upp', 'infinitiv'), ('f1aafdae-b0b6-4da7-88eb-9278a27f9331', '76693988-5be1-4608-9c36-73798cc0b1cf', 'sög upp', 'imperfekt'), ('544d8604-1262-420a-b0cd-2555196f334f', '76693988-5be1-4608-9c36-73798cc0b1cf', 'sugit upp', 'supinum'), ('888f7e6e-d94c-49ad-adf8-6bc27e6ddda3', '76693988-5be1-4608-9c36-73798cc0b1cf', 'uppsugen', 'perf.part.'), ('add95b24-1fc4-49c1-b931-de41defa5ce3', '76693988-5be1-4608-9c36-73798cc0b1cf', 'sug upp', 'imperativ'), ('b91ab463-99b6-4233-8542-469883c31235', '76693988-5be1-4608-9c36-73798cc0b1cf', 'uppsugens', NULL), ('cdadd772-f456-4070-84d8-d900315b9974', '76693988-5be1-4608-9c36-73798cc0b1cf', 'suger', NULL), ('3b0d1486-3551-4ab3-88ef-3c3c41a9678d', '76693988-5be1-4608-9c36-73798cc0b1cf', 'suga', NULL), ('31393a9b-c6b8-44dc-9bb1-f03c21e2670d', '76693988-5be1-4608-9c36-73798cc0b1cf', 'sög', NULL), ('33cd4ad3-1ada-48a9-b5a0-268b6a181c48', '76693988-5be1-4608-9c36-73798cc0b1cf', 'sugit', NULL), ('b8f05b79-bead-4ba1-a7e9-36f90d10f2de', '76693988-5be1-4608-9c36-73798cc0b1cf', 'sug', NULL);
INSERT INTO Lexeme (id, word_id, definition, example, example_meaning, source) VALUES ('bb1094d9-e35a-4831-b377-1a5edabf9dc6', '76693988-5be1-4608-9c36-73798cc0b1cf', 'absorberar', 'trasan sög upp allt vattnet', NULL, 'lexin-swe');
INSERT INTO Word (id, lemma, part_of_speech, phonetic, phonetic_voice, phonetic_url) VALUES ('345f048d-7dfb-420d-87ba-ac64a578b982', 'sulky', 'subst.', 'sụl:ky', NULL, 'https://lexin.nada.kth.se/sound/v2/348983_1.mp3');
INSERT INTO WordIndex (id, word_id, spell, form) VALUES ('453ba235-6460-4714-b895-259c4981f681', '345f048d-7dfb-420d-87ba-ac64a578b982', 'sulky', 'obest.f.sing.'), ('de36aeb1-d614-4644-89db-6340f04735e9', '345f048d-7dfb-420d-87ba-ac64a578b982', 'sulkyn', 'best.f.sing.'), ('80a667af-b4f4-4236-9873-5bc60964e205', '345f048d-7dfb-420d-87ba-ac64a578b982', 'sulkyer', 'obest.f.pl.'), ('fd56f890-5537-4bb4-a9a6-374bac40846c', '345f048d-7dfb-420d-87ba-ac64a578b982', 'sulkyerna', 'best.f.pl.'), ('a1e0006e-9424-4f48-a6ba-9388be7757e6', '345f048d-7dfb-420d-87ba-ac64a578b982', 'sulkys', NULL), ('ec96643c-4020-4c1a-b8bd-cbc6991a39e9', '345f048d-7dfb-420d-87ba-ac64a578b982', 'sulkyns', NULL), ('13a68212-dfb4-4bd0-9332-c8dd39660bf9', '345f048d-7dfb-420d-87ba-ac64a578b982', 'sulkyers', NULL), ('b7b68d59-e2fa-4f09-bfc7-f2b6d22f2539', '345f048d-7dfb-420d-87ba-ac64a578b982', 'sulkyernas', NULL), ('a0514bb7-5cf2-47d3-9b0d-a2a20111a15c', '345f048d-7dfb-420d-87ba-ac64a578b982', 'barnsulky', NULL), ('f7920228-b2e3-465f-a2eb-6904def9deb5', '345f048d-7dfb-420d-87ba-ac64a578b982', 'barnsulkys', NULL), ('c554a1b5-26db-4571-8d56-0aa4d01a6e5c', '345f048d-7dfb-420d-87ba-ac64a578b982', 'barnsulkyn', NULL), ('3ae62767-24d4-48bb-a3b8-3712ce7442dc', '345f048d-7dfb-420d-87ba-ac64a578b982', 'barnsulkyns', NULL), ('8b2873e4-e06d-45d3-a533-c7e2436101ad', '345f048d-7dfb-420d-87ba-ac64a578b982', 'barnsulkyer', NULL), ('55ef82bd-0fad-4c47-bb24-284327396641', '345f048d-7dfb-420d-87ba-ac64a578b982', 'barnsulkyers', NULL), ('548ac3c3-e532-467c-ae45-2e153dfddecc', '345f048d-7dfb-420d-87ba-ac64a578b982', 'barnsulkyerna', NULL), ('25fa4d45-c5ef-4617-a6c2-242e0c914492', '345f048d-7dfb-420d-87ba-ac64a578b982', 'barnsulkyernas', NULL), ('1951a1df-9423-4ca6-9c69-6213695fd4c0', '345f048d-7dfb-420d-87ba-ac64a578b982', 'barn', NULL), ('9ef8e25f-d977-4e08-a649-4888ff61547c', '345f048d-7dfb-420d-87ba-ac64a578b982', 'travsulky', NULL), ('8c7746cd-f1a9-42ba-82e3-60720255d2bc', '345f048d-7dfb-420d-87ba-ac64a578b982', 'travsulkys', NULL), ('e197b702-edba-4dbe-b443-dc01c68ff3e2', '345f048d-7dfb-420d-87ba-ac64a578b982', 'travsulkyn', NULL), ('136a1301-6d97-4c47-948b-833def992dcb', '345f048d-7dfb-420d-87ba-ac64a578b982', 'travsulkyns', NULL), ('4745164a-068f-4f1a-a739-19ccc47cb223', '345f048d-7dfb-420d-87ba-ac64a578b982', 'travsulkyer', NULL), ('1e81b2c3-c31f-4e2f-ad9f-0dd7f9a87802', '345f048d-7dfb-420d-87ba-ac64a578b982', 'travsulkyers', NULL), ('527a9e4e-8fbc-40d4-85e7-11ce35dd67da', '345f048d-7dfb-420d-87ba-ac64a578b982', 'travsulkyerna', NULL), ('59f8e73a-f979-4a71-912a-b59f0264e05b', '345f048d-7dfb-420d-87ba-ac64a578b982', 'travsulkyernas', NULL), ('f5e73a6d-dba6-439b-81f5-534edba3fe25', '345f048d-7dfb-420d-87ba-ac64a578b982', 'trav', NULL);
INSERT INTO Lexeme (id, word_id, definition, example, example_meaning, source) VALUES ('91455310-eb68-493a-afab-f955f7648d9a', '345f048d-7dfb-420d-87ba-ac64a578b982', 'vagn att sitta i (ofta för en eller två personer)', NULL, NULL, 'lexin-swe'), ('5873fc80-2c78-4687-b87f-df88aaf773af', '345f048d-7dfb-420d-87ba-ac64a578b982', 'sulky', NULL, NULL, 'folkets-lexikon');
INSERT INTO Word (id, lemma, part_of_speech, phonetic, phonetic_voice, phonetic_url) VALUES ('2b905df6-c6e3-49c5-8808-f7f7c5fbbb03', 'syskon', 'subst.', '²sỵs:kån', NULL, 'https://lexin.nada.kth.se/sound/v2/352559_1.mp3');
INSERT INTO WordIndex (id, word_id, spell, form) VALUES ('c1186f18-652f-4757-9e14-913580d29ca3', '2b905df6-c6e3-49c5-8808-f7f7c5fbbb03', 'syskon', 'obest.f.pl.'), ('d266b552-5643-4401-9116-9ed1ce5263b5', '2b905df6-c6e3-49c5-8808-f7f7c5fbbb03', 'syskon', 'obest.f.sing.'), ('a0a233ba-b699-4c76-9a6b-768462ba250f', '2b905df6-c6e3-49c5-8808-f7f7c5fbbb03', 'syskonet', 'best.f.sing.'), ('b921db62-f287-4433-b1de-6765a57e1785', '2b905df6-c6e3-49c5-8808-f7f7c5fbbb03', 'syskonen', 'best.f.pl.'), ('5b312f6c-e3af-4d4a-9003-8abfe338ee21', '2b905df6-c6e3-49c5-8808-f7f7c5fbbb03', 'syskons', NULL), ('6a5e37ce-9d97-46c1-b857-a89f740e0b75', '2b905df6-c6e3-49c5-8808-f7f7c5fbbb03', 'syskonets', NULL), ('e85642cc-40be-4ca0-8ee3-320486c19db5', '2b905df6-c6e3-49c5-8808-f7f7c5fbbb03', 'syskonens', NULL), ('4e364297-01d7-4dbd-b249-793f091087c0', '2b905df6-c6e3-49c5-8808-f7f7c5fbbb03', 'syskonbarn', NULL), ('1743c9db-b3a7-4118-8846-4d120e178c56', '2b905df6-c6e3-49c5-8808-f7f7c5fbbb03', 'syskonbarns', NULL), ('19e2e5d1-eef5-4cd6-86a5-6265803fdb31', '2b905df6-c6e3-49c5-8808-f7f7c5fbbb03', 'syskonbarnet', NULL), ('e520a200-2a5a-4ced-80c7-ca9c1112f387', '2b905df6-c6e3-49c5-8808-f7f7c5fbbb03', 'syskonbarnets', NULL), ('46151ec1-13a5-490d-978f-23ac8fb063d8', '2b905df6-c6e3-49c5-8808-f7f7c5fbbb03', 'syskonbarnen', NULL), ('c9681c87-3ee5-4037-9f3e-943236efd83e', '2b905df6-c6e3-49c5-8808-f7f7c5fbbb03', 'syskonbarnens', NULL), ('33a9ce8b-c4b6-47d6-9be9-8d743999f417', '2b905df6-c6e3-49c5-8808-f7f7c5fbbb03', 'barn', NULL), ('900f19e1-a974-4dfb-a044-9a312e2b0d51', '2b905df6-c6e3-49c5-8808-f7f7c5fbbb03', 'barns', NULL), ('43882270-8b52-4d9b-8743-9ed9407cd3f8', '2b905df6-c6e3-49c5-8808-f7f7c5fbbb03', 'barnet', NULL), ('c316bb33-2d8a-41f0-a9ef-4f1648ac54b8', '2b905df6-c6e3-49c5-8808-f7f7c5fbbb03', 'barnets', NULL), ('568173da-0a93-4218-8ef4-7f70d3b55384', '2b905df6-c6e3-49c5-8808-f7f7c5fbbb03', 'barnen', NULL), ('cdcf8421-e92a-40d7-93be-f67da324bf52', '2b905df6-c6e3-49c5-8808-f7f7c5fbbb03', 'barnens', NULL), ('077f43fc-6a68-4095-a4e2-4bbaa98b0f2b', '2b905df6-c6e3-49c5-8808-f7f7c5fbbb03', 'småsyskon', NULL), ('1349bc51-e525-4264-98ea-26774d0bff9a', '2b905df6-c6e3-49c5-8808-f7f7c5fbbb03', 'småsyskons', NULL), ('f04d9583-0bc9-449b-934a-218046534b37', '2b905df6-c6e3-49c5-8808-f7f7c5fbbb03', 'småsyskonet', NULL), ('e04a3bad-74ea-4870-8dca-d9771b9092c4', '2b905df6-c6e3-49c5-8808-f7f7c5fbbb03', 'småsyskonets', NULL), ('3d10ea83-1280-4f52-b2ce-00019a630843', '2b905df6-c6e3-49c5-8808-f7f7c5fbbb03', 'småsyskonen', NULL), ('f6793560-ec5c-4da6-8aba-e31ffcff282d', '2b905df6-c6e3-49c5-8808-f7f7c5fbbb03', 'småsyskonens', NULL), ('95a64b75-180a-4d9f-ba84-bda8ca2ebf80', '2b905df6-c6e3-49c5-8808-f7f7c5fbbb03', 'små', NULL);
INSERT INTO Lexeme (id, word_id, definition, example, example_meaning, source) VALUES ('589f422d-6146-4a4a-9acf-91da6a01a2ce', '2b905df6-c6e3-49c5-8808-f7f7c5fbbb03', 'bror eller syster', NULL, NULL, 'lexin-swe'), ('a986dd68-52da-4c8b-8d0d-96adc727776d', '2b905df6-c6e3-49c5-8808-f7f7c5fbbb03', 'siblings, brothers and sisters', NULL, NULL, 'folkets-lexikon');
INSERT INTO Word (id, lemma, part_of_speech, phonetic, phonetic_voice, phonetic_url) VALUES ('1f8778d0-0a28-4197-b392-18ca51e124ac', 'till|syn', 'subst.', '²tịl:sy:n', NULL, 'https://lexin.nada.kth.se/sound/v2/361979_1.mp3');
INSERT INTO WordIndex (id, word_id, spell, form) VALUES ('01ea11d0-5d83-45d8-83a7-d8b7681e289c', '1f8778d0-0a28-4197-b392-18ca51e124ac', 'tillsyn', 'obest.f.sing.'), ('16f7b6d3-7a48-4676-af9e-47a40110e796', '1f8778d0-0a28-4197-b392-18ca51e124ac', 'tillsynen', 'best.f.sing.'), ('4851c55e-c33f-414a-a043-4658c1335302', '1f8778d0-0a28-4197-b392-18ca51e124ac', 'tillsyns', NULL), ('eb76418c-de13-4a2a-93f1-18781a6c0001', '1f8778d0-0a28-4197-b392-18ca51e124ac', 'tillsynens', NULL), ('021abda2-997c-4ed4-a955-32ffb5038bcb', '1f8778d0-0a28-4197-b392-18ca51e124ac', 'barntillsyn', NULL), ('75d6cc8b-11fb-4b08-957b-858b0f4d8f03', '1f8778d0-0a28-4197-b392-18ca51e124ac', 'barntillsyns', NULL), ('09054bc4-394b-4baf-a19d-5ba18f99d0d4', '1f8778d0-0a28-4197-b392-18ca51e124ac', 'barntillsynen', NULL), ('dd753b44-a61c-41e3-be79-6bb6dd35bc9c', '1f8778d0-0a28-4197-b392-18ca51e124ac', 'barntillsynens', NULL), ('9b27b335-0771-4847-a482-39f9e61c680f', '1f8778d0-0a28-4197-b392-18ca51e124ac', 'barn', NULL), ('eec815ca-1c4d-42de-85c4-e22e1e43d504', '1f8778d0-0a28-4197-b392-18ca51e124ac', 'skyddstillsyn', NULL), ('82c9ae26-b7cb-4698-8238-b5acdc7ca20d', '1f8778d0-0a28-4197-b392-18ca51e124ac', 'skyddstillsyns', NULL), ('436fa59d-56ab-4681-9d71-7a28dc665ad6', '1f8778d0-0a28-4197-b392-18ca51e124ac', 'skyddstillsynen', NULL), ('083f8dfc-a490-4924-a653-45a367f72f6f', '1f8778d0-0a28-4197-b392-18ca51e124ac', 'skyddstillsynens', NULL), ('8a83abf2-68e6-4420-a267-44ca09467e5b', '1f8778d0-0a28-4197-b392-18ca51e124ac', 'skydds', NULL);
INSERT INTO Lexeme (id, word_id, definition, example, example_meaning, source) VALUES ('0cccb82e-10a3-43c4-a099-b47e420774f0', '1f8778d0-0a28-4197-b392-18ca51e124ac', 'uppsikt, kontroll', 'Lämna inte barnen utan tillsyn!', NULL, 'lexin-swe');
INSERT INTO Word (id, lemma, part_of_speech, phonetic, phonetic_voice, phonetic_url) VALUES ('8539125d-34c2-43a0-a624-97c6796cf0b7', 'unge', 'subst.', '²ụŋ:e', NULL, 'https://lexin.nada.kth.se/sound/v2/376778_1.mp3');
INSERT INTO WordIndex (id, word_id, spell, form) VALUES ('bf60ab8b-5f97-4e45-a4b3-3bf0f621ce06', '8539125d-34c2-43a0-a624-97c6796cf0b7', 'unge', 'obest.f.sing.'), ('a9ed5d99-d427-41f2-9b3c-3a7f8a691acc', '8539125d-34c2-43a0-a624-97c6796cf0b7', 'ungen', 'best.f.sing.'), ('83c91388-7209-4a66-b15b-456c76a5ba90', '8539125d-34c2-43a0-a624-97c6796cf0b7', 'ungar', 'obest.f.pl.'), ('95656088-989a-4672-a98c-93a5dd26a9d0', '8539125d-34c2-43a0-a624-97c6796cf0b7', 'ungarna', 'best.f.pl.'), ('8b884617-e059-4cda-b467-55db2f2e90f3', '8539125d-34c2-43a0-a624-97c6796cf0b7', 'unges', NULL), ('6eaf63a8-383e-4bd6-b007-906d0881ae23', '8539125d-34c2-43a0-a624-97c6796cf0b7', 'ungens', NULL), ('e848e963-18d0-454c-b7d7-70f5fe0f764a', '8539125d-34c2-43a0-a624-97c6796cf0b7', 'ungars', NULL), ('89603f46-9cae-4176-ab42-a2677b4a20d8', '8539125d-34c2-43a0-a624-97c6796cf0b7', 'ungarnas', NULL), ('368bcc19-46bb-4eb2-aa01-eb7c7ba8f9d7', '8539125d-34c2-43a0-a624-97c6796cf0b7', 'barnunge', NULL), ('654f7984-d98e-4e17-9177-3575c66fefa8', '8539125d-34c2-43a0-a624-97c6796cf0b7', 'barnunges', NULL), ('3587f76f-b191-4a2a-a563-46469de45770', '8539125d-34c2-43a0-a624-97c6796cf0b7', 'barnungen', NULL), ('322cecc8-b317-4f64-b942-16e8adab79a9', '8539125d-34c2-43a0-a624-97c6796cf0b7', 'barnungens', NULL), ('14de71f9-55a6-4256-89d4-b4037b354e4a', '8539125d-34c2-43a0-a624-97c6796cf0b7', 'barnungar', NULL), ('34317d27-ac87-4720-b3fc-5cf92b4ae789', '8539125d-34c2-43a0-a624-97c6796cf0b7', 'barnungars', NULL), ('e2cf0837-6046-41d3-8d3a-0113de12a075', '8539125d-34c2-43a0-a624-97c6796cf0b7', 'barnungarna', NULL), ('9fee2289-5cad-4419-b5ba-4d3a44a2ef72', '8539125d-34c2-43a0-a624-97c6796cf0b7', 'barnungarnas', NULL), ('90ae2029-dd22-4557-9d47-8af0ef060d6c', '8539125d-34c2-43a0-a624-97c6796cf0b7', 'barn', NULL), ('dc0e5269-8c64-4cbe-8680-9b4423d8ad6b', '8539125d-34c2-43a0-a624-97c6796cf0b7', 'busunge', NULL), ('f25d1b25-dff0-4474-a885-ac0121e1e4e0', '8539125d-34c2-43a0-a624-97c6796cf0b7', 'busunges', NULL), ('177e7f66-87a5-46e1-bca8-a595bd968567', '8539125d-34c2-43a0-a624-97c6796cf0b7', 'busungen', NULL), ('dbf56bce-f3f2-4073-90f1-e132f0102850', '8539125d-34c2-43a0-a624-97c6796cf0b7', 'busungens', NULL), ('d685d7a9-4440-44a9-8f7b-4ecb2c64a065', '8539125d-34c2-43a0-a624-97c6796cf0b7', 'busungar', NULL), ('1215267c-7985-4311-b837-752ca108a2f4', '8539125d-34c2-43a0-a624-97c6796cf0b7', 'busungars', NULL), ('ebb85938-c1dc-43d3-a04a-fad8f5ea247f', '8539125d-34c2-43a0-a624-97c6796cf0b7', 'busungarna', NULL), ('6f289180-4fc0-4fb2-9b3d-ea273a19c078', '8539125d-34c2-43a0-a624-97c6796cf0b7', 'busungarnas', NULL), ('c8789a4f-2111-45bf-9d60-2e961daca741', '8539125d-34c2-43a0-a624-97c6796cf0b7', 'bus', NULL), ('851bd248-de70-46af-a4a7-4157a38af411', '8539125d-34c2-43a0-a624-97c6796cf0b7', 'fågelunge', NULL), ('cebcb381-6598-47d0-8e1a-4a2b29ef0b9f', '8539125d-34c2-43a0-a624-97c6796cf0b7', 'fågelunges', NULL), ('6782fd5a-1834-47d9-9047-87571e685dea', '8539125d-34c2-43a0-a624-97c6796cf0b7', 'fågelungen', NULL), ('c5ae34ee-423a-44e3-9919-005abf2d6965', '8539125d-34c2-43a0-a624-97c6796cf0b7', 'fågelungens', NULL), ('b48fdfe4-61a3-4b63-8681-08e614ad9cf6', '8539125d-34c2-43a0-a624-97c6796cf0b7', 'fågelungar', NULL), ('457a5784-5285-498e-a259-2a791ed30bb4', '8539125d-34c2-43a0-a624-97c6796cf0b7', 'fågelungars', NULL), ('0757e1f0-f894-4a2e-b078-67f959a98e75', '8539125d-34c2-43a0-a624-97c6796cf0b7', 'fågelungarna', NULL), ('0303571c-1a5a-48c9-8b47-8b2902e41f7d', '8539125d-34c2-43a0-a624-97c6796cf0b7', 'fågelungarnas', NULL), ('00cae2ab-75a6-4392-a21c-fbc5bcdcbede', '8539125d-34c2-43a0-a624-97c6796cf0b7', 'fågel', NULL), ('be562199-6907-4f17-82ef-9f9b28c3186a', '8539125d-34c2-43a0-a624-97c6796cf0b7', 'kattunge', NULL), ('a4f0e26d-196f-494a-99f3-2251cd07a500', '8539125d-34c2-43a0-a624-97c6796cf0b7', 'kattunges', NULL), ('d1b0e41a-ead6-419b-a0a0-0844dff72d0f', '8539125d-34c2-43a0-a624-97c6796cf0b7', 'kattungen', NULL), ('4fff96ae-ee0d-4e13-8f1d-9956b7d365ed', '8539125d-34c2-43a0-a624-97c6796cf0b7', 'kattungens', NULL), ('119474ab-7dc9-42cb-9f9e-38b8e0335ae3', '8539125d-34c2-43a0-a624-97c6796cf0b7', 'kattungar', NULL), ('4db61aa0-2333-47b2-b4c0-a97c2f33361e', '8539125d-34c2-43a0-a624-97c6796cf0b7', 'kattungars', NULL), ('f9995c65-ba41-4a1c-a6f0-b10d8b2519ad', '8539125d-34c2-43a0-a624-97c6796cf0b7', 'kattungarna', NULL), ('00e18194-20ad-400f-8855-3ca9cfa8fa21', '8539125d-34c2-43a0-a624-97c6796cf0b7', 'kattungarnas', NULL), ('fb679840-d26f-4cc3-84cd-f569d4ff9bce', '8539125d-34c2-43a0-a624-97c6796cf0b7', 'katt', NULL);
INSERT INTO Lexeme (id, word_id, definition, example, example_meaning, source) VALUES ('bf347ec8-1c60-484d-814d-591031b02243', '8539125d-34c2-43a0-a624-97c6796cf0b7', 'barn', 'ungarna var ute och lekte', NULL, 'lexin-swe'), ('24f00092-82a3-4773-b352-9dcc75bca95d', '8539125d-34c2-43a0-a624-97c6796cf0b7', 'avkomma till djur', NULL, NULL, 'lexin-swe'), ('605a9f5a-0bb2-457d-a234-758b22dea6a8', '8539125d-34c2-43a0-a624-97c6796cf0b7', 'little one, young one', NULL, NULL, 'folkets-lexikon'), ('a8c88967-fc5c-48ff-9c24-bcdf2c5d8b82', '8539125d-34c2-43a0-a624-97c6796cf0b7', 'animal young', NULL, NULL, 'folkets-lexikon');
INSERT INTO Word (id, lemma, part_of_speech, phonetic, phonetic_voice, phonetic_url) VALUES ('cf3ba80b-5821-4875-86d8-ad2c6420c2ce', 'upp|fostran', 'subst.', '²ụp:fos:tran', NULL, 'https://lexin.nada.kth.se/sound/v2/377731_1.mp3');
INSERT INTO WordIndex (id, word_id, spell, form) VALUES ('22444363-7b4f-4b22-a65e-f2ca41d2d07f', 'cf3ba80b-5821-4875-86d8-ad2c6420c2ce', 'uppfostran', 'best.f.sing.'), ('8d6f2985-2998-4f86-a5ce-3c68c29537a4', 'cf3ba80b-5821-4875-86d8-ad2c6420c2ce', 'uppfostran', 'obest.f.sing.'), ('9a293339-b165-4e33-8eab-89fcf4ee6410', 'cf3ba80b-5821-4875-86d8-ad2c6420c2ce', 'uppfostrans', NULL), ('1b502724-0b00-4de0-9cc6-d19d36448466', 'cf3ba80b-5821-4875-86d8-ad2c6420c2ce', 'barnuppfostran', NULL), ('6d67a581-15d9-4c25-ade4-7cc145256bce', 'cf3ba80b-5821-4875-86d8-ad2c6420c2ce', 'barnuppfostrans', NULL), ('10014b9d-c55f-4cb0-9ec2-9fb300af4def', 'cf3ba80b-5821-4875-86d8-ad2c6420c2ce', 'barn', NULL);
INSERT INTO Lexeme (id, word_id, definition, example, example_meaning, source) VALUES ('dbf6e9ec-27e7-4d70-bc48-8c9f1bbad524', 'cf3ba80b-5821-4875-86d8-ad2c6420c2ce', 'handlingen att uppfostra någon', 'barnen fick en sträng uppfostran', NULL, 'lexin-swe');
INSERT INTO Word (id, lemma, part_of_speech, phonetic, phonetic_voice, phonetic_url) VALUES ('c5b10bda-26e3-4c1d-b007-b21d7cf41a9b', 'vagn', 'subst.', 'vaŋ:n', NULL, 'https://lexin.nada.kth.se/sound/v2/385332_1.mp3');
INSERT INTO WordIndex (id, word_id, spell, form) VALUES ('8d9050c2-9760-45a6-bca6-ab397e323639', 'c5b10bda-26e3-4c1d-b007-b21d7cf41a9b', 'vagn', 'obest.f.sing.'), ('57dd9c8f-5923-4e8a-b238-6f8804001efb', 'c5b10bda-26e3-4c1d-b007-b21d7cf41a9b', 'vagnen', 'best.f.sing.'), ('c3cea65e-ff3b-41a0-98ed-4b985d8627f1', 'c5b10bda-26e3-4c1d-b007-b21d7cf41a9b', 'vagnar', 'obest.f.pl.'), ('1078a6a1-5756-499e-8d5c-a6ad42e19129', 'c5b10bda-26e3-4c1d-b007-b21d7cf41a9b', 'vagnarna', 'best.f.pl.'), ('c28e1fd4-7fdc-4bdb-891a-8651703ee92c', 'c5b10bda-26e3-4c1d-b007-b21d7cf41a9b', 'vagns', NULL), ('64cda335-39a8-4e66-ba12-c6358fee56de', 'c5b10bda-26e3-4c1d-b007-b21d7cf41a9b', 'vagnens', NULL), ('8ec6dd63-791b-46ab-953b-6f80811a5594', 'c5b10bda-26e3-4c1d-b007-b21d7cf41a9b', 'vagnars', NULL), ('0a9965a7-ef91-48b0-8bc4-347e1c7bfba1', 'c5b10bda-26e3-4c1d-b007-b21d7cf41a9b', 'vagnarnas', NULL), ('15405b9c-18e0-4036-8f40-6d1396439082', 'c5b10bda-26e3-4c1d-b007-b21d7cf41a9b', 'barnvagn', NULL), ('d15fa10f-27cf-4f02-a851-de74c0657f65', 'c5b10bda-26e3-4c1d-b007-b21d7cf41a9b', 'barnvagns', NULL), ('22ad582b-1e24-4840-8631-fc5cbc5c0bb2', 'c5b10bda-26e3-4c1d-b007-b21d7cf41a9b', 'barnvagnen', NULL), ('3ce5f2ff-0ab3-4ab7-91fc-4ac3cf3f9cef', 'c5b10bda-26e3-4c1d-b007-b21d7cf41a9b', 'barnvagnens', NULL), ('4f913129-46c2-497b-a6c8-d8cc4c87bd0c', 'c5b10bda-26e3-4c1d-b007-b21d7cf41a9b', 'barnvagnar', NULL), ('a74457d0-4776-48d6-9d25-3ee54068da0e', 'c5b10bda-26e3-4c1d-b007-b21d7cf41a9b', 'barnvagnars', NULL), ('70346476-52e7-49a3-8b29-8aaf28ac0358', 'c5b10bda-26e3-4c1d-b007-b21d7cf41a9b', 'barnvagnarna', NULL), ('8281151e-df44-46fa-a6c4-a0361baaae73', 'c5b10bda-26e3-4c1d-b007-b21d7cf41a9b', 'barnvagnarnas', NULL), ('57608b5f-b306-4a55-ac86-070b85cf920f', 'c5b10bda-26e3-4c1d-b007-b21d7cf41a9b', 'barn', NULL), ('7fca34aa-3e9e-40f5-9c55-a56286d7ae1e', 'c5b10bda-26e3-4c1d-b007-b21d7cf41a9b', 'framvagn', NULL), ('3794aedb-8b9c-4bad-8a40-7864b09fa584', 'c5b10bda-26e3-4c1d-b007-b21d7cf41a9b', 'framvagns', NULL), ('0273db6f-34f8-4195-abe2-9ec4314500cc', 'c5b10bda-26e3-4c1d-b007-b21d7cf41a9b', 'framvagnen', NULL), ('3bfd0d0a-2e6b-46e8-88c6-193b695825b9', 'c5b10bda-26e3-4c1d-b007-b21d7cf41a9b', 'framvagnens', NULL), ('bb444a30-4098-43a4-b9bf-71a5a4e6861c', 'c5b10bda-26e3-4c1d-b007-b21d7cf41a9b', 'framvagnar', NULL), ('1a19216f-4118-432f-92b6-fd72113e2b2b', 'c5b10bda-26e3-4c1d-b007-b21d7cf41a9b', 'framvagnars', NULL), ('57585276-c18e-417a-9ea7-800a5b3ec1a4', 'c5b10bda-26e3-4c1d-b007-b21d7cf41a9b', 'framvagnarna', NULL), ('0fc02c3b-64d8-4c24-a195-1e5e48da0108', 'c5b10bda-26e3-4c1d-b007-b21d7cf41a9b', 'framvagnarnas', NULL), ('479c8642-87dd-4b59-81b6-43d649e28784', 'c5b10bda-26e3-4c1d-b007-b21d7cf41a9b', 'fram', NULL), ('a99ba0b8-6843-42ff-9794-cffc63e48d39', 'c5b10bda-26e3-4c1d-b007-b21d7cf41a9b', 'motorvagn', NULL), ('58ea98e7-5933-46da-8878-6ebc7c4d3843', 'c5b10bda-26e3-4c1d-b007-b21d7cf41a9b', 'motorvagns', NULL), ('c6411ed7-8415-45bd-a10d-6d6be1db1a44', 'c5b10bda-26e3-4c1d-b007-b21d7cf41a9b', 'motorvagnen', NULL), ('b4b480d2-962e-4714-b4d4-579050dcce2c', 'c5b10bda-26e3-4c1d-b007-b21d7cf41a9b', 'motorvagnens', NULL), ('7ade5b0e-24fe-462e-9430-563438be7805', 'c5b10bda-26e3-4c1d-b007-b21d7cf41a9b', 'motorvagnar', NULL), ('47af9e6f-d3c7-45a4-a8d9-3ea5f0699c39', 'c5b10bda-26e3-4c1d-b007-b21d7cf41a9b', 'motorvagnars', NULL), ('47f6ba52-12a8-44a0-b067-a1a8d50d3def', 'c5b10bda-26e3-4c1d-b007-b21d7cf41a9b', 'motorvagnarna', NULL), ('d7c41e74-b625-42da-ba2d-7c7656fc02ec', 'c5b10bda-26e3-4c1d-b007-b21d7cf41a9b', 'motorvagnarnas', NULL), ('9e1c12e1-bf56-49cf-ba73-d5a3ac985a3c', 'c5b10bda-26e3-4c1d-b007-b21d7cf41a9b', 'motor', NULL);
INSERT INTO Lexeme (id, word_id, definition, example, example_meaning, source) VALUES ('821712b5-4d06-4e30-955a-787ef5331e08', 'c5b10bda-26e3-4c1d-b007-b21d7cf41a9b', 'fordon på (ofta fyra) hjul (utan motor), åkdon', 'barnen fick åka med häst och vagn', NULL, 'lexin-swe'), ('5d027d24-a003-42a6-b620-3fb180c13792', 'c5b10bda-26e3-4c1d-b007-b21d7cf41a9b', 'vehicle', 'häst och vagn', 'horse and cart (carriage)', 'folkets-lexikon');
INSERT INTO Word (id, lemma, part_of_speech, phonetic, phonetic_voice, phonetic_url) VALUES ('56ee6667-8134-4bab-946d-9d954838c9c5', 'vakt', 'subst.', 'vak:t', NULL, 'https://lexin.nada.kth.se/sound/v2/385532_1.mp3');
INSERT INTO WordIndex (id, word_id, spell, form) VALUES ('df6d8f6f-819e-4ece-ad00-9e6afe0a60c2', '56ee6667-8134-4bab-946d-9d954838c9c5', 'vakt', 'obest.f.sing.'), ('734aa20a-3c7e-4e7c-9b40-6c6e80223a68', '56ee6667-8134-4bab-946d-9d954838c9c5', 'vakten', 'best.f.sing.'), ('99083c7f-3e5d-40e9-a671-679d00303b16', '56ee6667-8134-4bab-946d-9d954838c9c5', 'vakter', 'obest.f.pl.'), ('d27ea789-815f-45be-9bba-e103e7ae35be', '56ee6667-8134-4bab-946d-9d954838c9c5', 'vakterna', 'best.f.pl.'), ('c25cc957-0d14-4e48-817c-e481865df09d', '56ee6667-8134-4bab-946d-9d954838c9c5', 'vakts', NULL), ('4e712ae4-0f40-436c-9f22-dfd4889e3b31', '56ee6667-8134-4bab-946d-9d954838c9c5', 'vaktens', NULL), ('1d838cf6-8c2e-4f19-a284-089d4f68c235', '56ee6667-8134-4bab-946d-9d954838c9c5', 'vakters', NULL), ('96530534-4828-4c6d-be18-19aca42a9600', '56ee6667-8134-4bab-946d-9d954838c9c5', 'vakternas', NULL), ('ac7d135a-bd8e-4987-8aae-9c850c5cbeaf', '56ee6667-8134-4bab-946d-9d954838c9c5', 'vaktpost', NULL), ('288a0d3f-105f-4ca0-ab57-fd21d23f90f5', '56ee6667-8134-4bab-946d-9d954838c9c5', 'vaktposts', NULL), ('bf215d62-d1a3-427b-8030-6998da521f10', '56ee6667-8134-4bab-946d-9d954838c9c5', 'vaktposten', NULL), ('dfc29548-dd71-47a8-b281-c5b95ff51669', '56ee6667-8134-4bab-946d-9d954838c9c5', 'vaktpostens', NULL), ('5086298f-33c1-4ccf-8ca8-8dae436b165a', '56ee6667-8134-4bab-946d-9d954838c9c5', 'vaktposter', NULL), ('f9230b14-e568-4120-b340-4d759879b42c', '56ee6667-8134-4bab-946d-9d954838c9c5', 'vaktposters', NULL), ('cc260003-b2ad-4a18-8585-24f9dbb25e72', '56ee6667-8134-4bab-946d-9d954838c9c5', 'vaktposterna', NULL), ('4a82fc1b-1ff1-4a35-b4b5-ada7d345a22f', '56ee6667-8134-4bab-946d-9d954838c9c5', 'vaktposternas', NULL), ('ffe697c1-9640-4f21-890b-04ec9a00d292', '56ee6667-8134-4bab-946d-9d954838c9c5', 'post', NULL), ('acf1833f-75ec-456d-92c3-1afe96b99509', '56ee6667-8134-4bab-946d-9d954838c9c5', 'posts', NULL), ('1cf268a8-743f-4857-a9e3-332fa1c50969', '56ee6667-8134-4bab-946d-9d954838c9c5', 'posten', NULL), ('3e2c09e8-0651-4c48-bb42-a2030d6e8bf6', '56ee6667-8134-4bab-946d-9d954838c9c5', 'postens', NULL), ('909ca26c-cbe9-4960-a9d0-2554938de553', '56ee6667-8134-4bab-946d-9d954838c9c5', 'poster', NULL), ('afb4e863-c64a-4af1-b63b-3bbaa4906661', '56ee6667-8134-4bab-946d-9d954838c9c5', 'posters', NULL), ('9e1b667e-4156-45ab-b6df-fda79bf74dff', '56ee6667-8134-4bab-946d-9d954838c9c5', 'posterna', NULL), ('ded7523a-4f0e-4c82-bf1c-f2bed532b4c3', '56ee6667-8134-4bab-946d-9d954838c9c5', 'posternas', NULL), ('baface41-ce57-4b76-a016-d659bce72be5', '56ee6667-8134-4bab-946d-9d954838c9c5', 'vaktstyrka', NULL), ('5d7243b9-403c-462a-818c-4adb4753fdef', '56ee6667-8134-4bab-946d-9d954838c9c5', 'vaktstyrkas', NULL), ('4b744543-b39f-44b3-acb6-af47cc1ecb0b', '56ee6667-8134-4bab-946d-9d954838c9c5', 'vaktstyrkan', NULL), ('07f6f439-98b4-4ca3-8984-e7750c16f32f', '56ee6667-8134-4bab-946d-9d954838c9c5', 'vaktstyrkans', NULL), ('c3a862cd-2240-4404-bc09-d43442b8551c', '56ee6667-8134-4bab-946d-9d954838c9c5', 'vaktstyrkor', NULL), ('1e1a0131-a044-434a-a432-b19aca60b62c', '56ee6667-8134-4bab-946d-9d954838c9c5', 'vaktstyrkors', NULL), ('cd31d95a-d712-458c-847a-159d3f51e0e7', '56ee6667-8134-4bab-946d-9d954838c9c5', 'vaktstyrkorna', NULL), ('f7016193-2f64-4e47-af47-2366cc6d8d4e', '56ee6667-8134-4bab-946d-9d954838c9c5', 'vaktstyrkornas', NULL), ('27389a12-d3f4-4544-a7d1-394908caf7c8', '56ee6667-8134-4bab-946d-9d954838c9c5', 'styrka', NULL), ('d8c07e88-241c-450c-ad28-86be82802a5d', '56ee6667-8134-4bab-946d-9d954838c9c5', 'styrkas', NULL), ('aab437c7-764f-4f45-ab68-1056a999688a', '56ee6667-8134-4bab-946d-9d954838c9c5', 'styrkan', NULL), ('45d5c6f4-f738-425e-9f7e-ca20ba6ad1aa', '56ee6667-8134-4bab-946d-9d954838c9c5', 'styrkans', NULL), ('9d1eaee0-29bc-4315-befb-f4a304d66d12', '56ee6667-8134-4bab-946d-9d954838c9c5', 'styrkor', NULL), ('b065dd64-7793-45f3-923d-4f446b4e7fd8', '56ee6667-8134-4bab-946d-9d954838c9c5', 'styrkors', NULL), ('c22a40bf-0d39-482e-a687-0aebd6ded8f6', '56ee6667-8134-4bab-946d-9d954838c9c5', 'styrkorna', NULL), ('734dc658-6269-40d7-b14c-7a5544efab32', '56ee6667-8134-4bab-946d-9d954838c9c5', 'styrkornas', NULL), ('9d9c0d76-feab-48c6-b968-bb5bad758b67', '56ee6667-8134-4bab-946d-9d954838c9c5', 'barnvakt', NULL), ('3579d7ef-6407-485b-997d-6c258c94db62', '56ee6667-8134-4bab-946d-9d954838c9c5', 'barnvakts', NULL), ('743adbcb-4a53-4cfd-b4c8-7205f6e6246f', '56ee6667-8134-4bab-946d-9d954838c9c5', 'barnvakten', NULL), ('79e4e301-a667-405e-84c0-12ad15b07a44', '56ee6667-8134-4bab-946d-9d954838c9c5', 'barnvaktens', NULL), ('e605b892-3a0b-41ab-8fff-2ba33bb6ab5e', '56ee6667-8134-4bab-946d-9d954838c9c5', 'barnvakter', NULL), ('290b6ae8-6449-4939-9049-cc3a81b58b6d', '56ee6667-8134-4bab-946d-9d954838c9c5', 'barnvakters', NULL), ('0cfa98ce-4601-4a6b-bbf0-1b9c20152dba', '56ee6667-8134-4bab-946d-9d954838c9c5', 'barnvakterna', NULL), ('1c597359-bd40-4c01-adaf-967f30121467', '56ee6667-8134-4bab-946d-9d954838c9c5', 'barnvakternas', NULL), ('82de5928-38b1-4cc0-9bcf-8a37320c56a0', '56ee6667-8134-4bab-946d-9d954838c9c5', 'barn', NULL), ('c7633544-0490-484d-858b-8085718d4dbd', '56ee6667-8134-4bab-946d-9d954838c9c5', 'dörrvakt', NULL), ('1d8e2a86-6505-4ba9-81c8-5df60a02cc56', '56ee6667-8134-4bab-946d-9d954838c9c5', 'dörrvakts', NULL), ('1a737d49-6957-47ec-be20-d87ec9904f09', '56ee6667-8134-4bab-946d-9d954838c9c5', 'dörrvakten', NULL), ('950c6a5d-93a0-4175-a672-785384e4d499', '56ee6667-8134-4bab-946d-9d954838c9c5', 'dörrvaktens', NULL), ('2053ded0-090d-42a1-a63f-28a48c9a4e6f', '56ee6667-8134-4bab-946d-9d954838c9c5', 'dörrvakter', NULL), ('067c4fe8-013d-4507-8c92-98205521e8c9', '56ee6667-8134-4bab-946d-9d954838c9c5', 'dörrvakters', NULL), ('3fb1bbd4-c642-42cd-bd40-33e650e89e54', '56ee6667-8134-4bab-946d-9d954838c9c5', 'dörrvakterna', NULL), ('976b9e89-5f2b-466a-bc3c-6bc8ab74f016', '56ee6667-8134-4bab-946d-9d954838c9c5', 'dörrvakternas', NULL), ('4499489a-b8de-4200-9533-d9efe043d37c', '56ee6667-8134-4bab-946d-9d954838c9c5', 'dörr', NULL), ('5fe949fb-5338-415a-9407-1abf33b41d9e', '56ee6667-8134-4bab-946d-9d954838c9c5', 'livvakt', NULL), ('b431d04a-bc69-46aa-81fb-bc6c36ab37bf', '56ee6667-8134-4bab-946d-9d954838c9c5', 'livvakts', NULL), ('c50b80be-eca4-4d2b-8443-b566aa5fa5b5', '56ee6667-8134-4bab-946d-9d954838c9c5', 'livvakten', NULL), ('0906f319-7010-4079-b184-0dde84b840e0', '56ee6667-8134-4bab-946d-9d954838c9c5', 'livvaktens', NULL), ('90921fd1-5dd2-43e1-89d9-99e037249ee4', '56ee6667-8134-4bab-946d-9d954838c9c5', 'livvakter', NULL), ('9608b719-a2d9-418b-b1fa-94ecbbda3ee7', '56ee6667-8134-4bab-946d-9d954838c9c5', 'livvakters', NULL), ('2b5d3afd-3586-4e80-9aa3-7e1b02de650f', '56ee6667-8134-4bab-946d-9d954838c9c5', 'livvakterna', NULL), ('c37cbabc-7a76-4ad7-b468-559794a9a241', '56ee6667-8134-4bab-946d-9d954838c9c5', 'livvakternas', NULL), ('bb8f71d1-e471-46bb-96f9-c17cc6601824', '56ee6667-8134-4bab-946d-9d954838c9c5', 'liv', NULL), ('69325a03-1bc0-4149-8b19-25d1321a7977', '56ee6667-8134-4bab-946d-9d954838c9c5', 'nattvakt', NULL), ('c7fd7b35-d15e-42dd-b364-0427d9f979b4', '56ee6667-8134-4bab-946d-9d954838c9c5', 'nattvakts', NULL), ('22a2db00-5bd4-4ad4-b480-b2c1f989c1d7', '56ee6667-8134-4bab-946d-9d954838c9c5', 'nattvakten', NULL), ('c551ab4b-0146-4706-8c26-9d1f3fbb443b', '56ee6667-8134-4bab-946d-9d954838c9c5', 'nattvaktens', NULL), ('6c3c61ca-e36e-4c15-8ce4-1d80490c6da1', '56ee6667-8134-4bab-946d-9d954838c9c5', 'nattvakter', NULL), ('2eb6e8a9-e4ba-44bb-8935-6c34206ed224', '56ee6667-8134-4bab-946d-9d954838c9c5', 'nattvakters', NULL), ('06403d5c-de77-4686-aa4c-e5118f056f6c', '56ee6667-8134-4bab-946d-9d954838c9c5', 'nattvakterna', NULL), ('bdf10f49-9121-450a-8767-2f4d1325d002', '56ee6667-8134-4bab-946d-9d954838c9c5', 'nattvakternas', NULL), ('9837c3bb-caf7-499d-b493-7209d6e815af', '56ee6667-8134-4bab-946d-9d954838c9c5', 'natt', NULL);
INSERT INTO Lexeme (id, word_id, definition, example, example_meaning, source) VALUES ('46261f1b-73ce-4af9-8c99-90a252de2d0d', '56ee6667-8134-4bab-946d-9d954838c9c5', 'handlingen att vakta, vakthållning', 'han stod på vakt mellan 12 och 6', NULL, 'lexin-swe'), ('1c7fa042-e9d9-4129-bf06-4310a346af31', '56ee6667-8134-4bab-946d-9d954838c9c5', 'person eller grupp som vaktar; vaktpost', 'vakten ropade "Halt!"', NULL, 'lexin-swe'), ('0a37ddd8-4c7f-4517-bb1e-b7752255347a', '56ee6667-8134-4bab-946d-9d954838c9c5', 'watch', NULL, NULL, 'folkets-lexikon'), ('b1c4a565-b02c-40e2-9fb6-d086961e15e8', '56ee6667-8134-4bab-946d-9d954838c9c5', 'watch, guard', NULL, NULL, 'folkets-lexikon');
INSERT INTO Word (id, lemma, part_of_speech, phonetic, phonetic_voice, phonetic_url) VALUES ('0a5bf89f-e4d3-456f-8bff-58a6dda9a4ea', 'visa', 'subst.', '²vị:sa', NULL, 'http://lexin.nada.kth.se/sound/v2/392360_1.mp3');
INSERT INTO WordIndex (id, word_id, spell, form) VALUES ('1e887da5-662f-46cd-b1bf-f5beccac04e4', '0a5bf89f-e4d3-456f-8bff-58a6dda9a4ea', 'visa', 'obest.f.sing.'), ('b6c3d6d1-644e-4daa-a43a-15072c2e55ec', '0a5bf89f-e4d3-456f-8bff-58a6dda9a4ea', 'visan', 'best.f.sing.'), ('0b60dca3-2e72-4c76-9147-185ec25ad652', '0a5bf89f-e4d3-456f-8bff-58a6dda9a4ea', 'visor', 'obest.f.pl.'), ('afceef3c-b2be-4ff3-9933-7121bc05bec1', '0a5bf89f-e4d3-456f-8bff-58a6dda9a4ea', 'visorna', 'best.f.pl.'), ('06e83aa5-6586-4b19-95d4-55b84ed7ba4e', '0a5bf89f-e4d3-456f-8bff-58a6dda9a4ea', 'visas', NULL), ('161388b2-44ca-468a-be94-a9ba41035743', '0a5bf89f-e4d3-456f-8bff-58a6dda9a4ea', 'visans', NULL), ('be7c080c-b03f-43a5-892c-6a1a093c1c72', '0a5bf89f-e4d3-456f-8bff-58a6dda9a4ea', 'visors', NULL), ('888711f2-355e-4b1b-b174-3fa1013d229e', '0a5bf89f-e4d3-456f-8bff-58a6dda9a4ea', 'visornas', NULL), ('478456b0-13f1-4a39-8924-eff7e97c078a', '0a5bf89f-e4d3-456f-8bff-58a6dda9a4ea', 'vissångare', NULL), ('3de8b734-b468-434d-8f91-e1ca6f54f9ed', '0a5bf89f-e4d3-456f-8bff-58a6dda9a4ea', 'vissångares', NULL), ('2009bb00-c0ec-4ff2-885e-98b90a9d1472', '0a5bf89f-e4d3-456f-8bff-58a6dda9a4ea', 'vissångaren', NULL), ('cb9d5fee-0e19-4266-9cd3-410145d57c73', '0a5bf89f-e4d3-456f-8bff-58a6dda9a4ea', 'vissångarens', NULL), ('cdd26563-9513-426d-9e82-c4f59372e0bf', '0a5bf89f-e4d3-456f-8bff-58a6dda9a4ea', 'vissångarna', NULL), ('ee221010-ad6c-4640-a8c2-568a3826d39b', '0a5bf89f-e4d3-456f-8bff-58a6dda9a4ea', 'vissångarnas', NULL), ('e1fe46fa-5970-4257-828d-d3346b46c686', '0a5bf89f-e4d3-456f-8bff-58a6dda9a4ea', 'vis', NULL), ('71ad3bec-044c-4d7b-b823-be73c666d16e', '0a5bf89f-e4d3-456f-8bff-58a6dda9a4ea', 'sångare', NULL), ('add50a1b-0736-492f-8b40-40ded931ba8a', '0a5bf89f-e4d3-456f-8bff-58a6dda9a4ea', 'sångares', NULL), ('ddd63f50-88d2-42ad-8824-348152019d0e', '0a5bf89f-e4d3-456f-8bff-58a6dda9a4ea', 'sångaren', NULL), ('190a1863-c689-4010-904f-60450f46de1e', '0a5bf89f-e4d3-456f-8bff-58a6dda9a4ea', 'sångarens', NULL), ('666eb655-4bec-4505-aa54-cec02c7d7738', '0a5bf89f-e4d3-456f-8bff-58a6dda9a4ea', 'sångarna', NULL), ('a8386d7b-80e0-47e7-8e56-e549b221f91a', '0a5bf89f-e4d3-456f-8bff-58a6dda9a4ea', 'sångarnas', NULL), ('17543ed1-392a-4a6b-aef0-1b3659a54d9e', '0a5bf89f-e4d3-456f-8bff-58a6dda9a4ea', 'barnvisa', NULL), ('68934ba0-04b4-4e62-8f6b-ebd764415eec', '0a5bf89f-e4d3-456f-8bff-58a6dda9a4ea', 'barnvisas', NULL), ('d2d6783e-7b72-458b-87ee-139d1570f5bf', '0a5bf89f-e4d3-456f-8bff-58a6dda9a4ea', 'barnvisan', NULL), ('9878f315-40d5-4d8a-9bc8-ab1f83d223c7', '0a5bf89f-e4d3-456f-8bff-58a6dda9a4ea', 'barnvisans', NULL), ('0106fb78-6f4b-4d05-bedd-60536dcc199e', '0a5bf89f-e4d3-456f-8bff-58a6dda9a4ea', 'barnvisor', NULL), ('865da2b7-9f99-4925-b3ae-1157364d6bc3', '0a5bf89f-e4d3-456f-8bff-58a6dda9a4ea', 'barnvisors', NULL), ('623ede0c-0fac-45f8-9aa0-ac9e4b94e579', '0a5bf89f-e4d3-456f-8bff-58a6dda9a4ea', 'barnvisorna', NULL), ('7b965078-35b0-4b4f-b8d1-f206be756949', '0a5bf89f-e4d3-456f-8bff-58a6dda9a4ea', 'barnvisornas', NULL), ('0f89e5e1-77f1-44c9-a155-263335e81afc', '0a5bf89f-e4d3-456f-8bff-58a6dda9a4ea', 'barn', NULL), ('e494de8d-f941-460b-988a-47141b6d3b4a', '0a5bf89f-e4d3-456f-8bff-58a6dda9a4ea', 'dansvisa', NULL), ('a2dbdddc-1195-4d3c-914d-be1aee153b42', '0a5bf89f-e4d3-456f-8bff-58a6dda9a4ea', 'dansvisas', NULL), ('ae203942-bd89-45a1-a06f-10739e49d711', '0a5bf89f-e4d3-456f-8bff-58a6dda9a4ea', 'dansvisan', NULL), ('31d5d5c6-ad2e-4aed-aaaf-0fa20057835f', '0a5bf89f-e4d3-456f-8bff-58a6dda9a4ea', 'dansvisans', NULL), ('2b6cb6cf-9fcc-49df-9e9f-5741cf5cbdbe', '0a5bf89f-e4d3-456f-8bff-58a6dda9a4ea', 'dansvisor', NULL), ('772b2b6f-515b-4b25-991e-ae2e3b26344c', '0a5bf89f-e4d3-456f-8bff-58a6dda9a4ea', 'dansvisors', NULL), ('7562ef83-f74a-4c77-830a-8e56c65787e0', '0a5bf89f-e4d3-456f-8bff-58a6dda9a4ea', 'dansvisorna', NULL), ('89662c7d-a103-4e95-9015-a1ca08b3a182', '0a5bf89f-e4d3-456f-8bff-58a6dda9a4ea', 'dansvisornas', NULL), ('f43c7abf-4546-42a5-adf1-e8ff9cbf0bb1', '0a5bf89f-e4d3-456f-8bff-58a6dda9a4ea', 'dans', NULL), ('8646f903-2b3f-4ce6-ba8b-2e44325fa9da', '0a5bf89f-e4d3-456f-8bff-58a6dda9a4ea', 'folkvisa', NULL), ('e05877c2-86aa-4e4c-af11-924ff627a591', '0a5bf89f-e4d3-456f-8bff-58a6dda9a4ea', 'folkvisas', NULL), ('2a74ed90-4203-42c5-95b3-b02c46f67538', '0a5bf89f-e4d3-456f-8bff-58a6dda9a4ea', 'folkvisan', NULL), ('b2a625b8-ca1b-4e1f-94e0-429512ad71fa', '0a5bf89f-e4d3-456f-8bff-58a6dda9a4ea', 'folkvisans', NULL), ('57d070a0-abec-4ded-acd3-6e773e377fc9', '0a5bf89f-e4d3-456f-8bff-58a6dda9a4ea', 'folkvisor', NULL), ('d7861998-f939-479f-ba17-73507376ee42', '0a5bf89f-e4d3-456f-8bff-58a6dda9a4ea', 'folkvisors', NULL), ('75dc9555-ba66-43c7-93db-eb23d13c1f5e', '0a5bf89f-e4d3-456f-8bff-58a6dda9a4ea', 'folkvisorna', NULL), ('67f9a2d3-e785-45e9-93ab-6a31d8359061', '0a5bf89f-e4d3-456f-8bff-58a6dda9a4ea', 'folkvisornas', NULL), ('8e9c3aa2-9ef3-4895-ac0d-2e9445b7e263', '0a5bf89f-e4d3-456f-8bff-58a6dda9a4ea', 'folk', NULL);
INSERT INTO Lexeme (id, word_id, definition, example, example_meaning, source) VALUES ('74b33548-4ee8-4743-baf1-d879c48197db', '0a5bf89f-e4d3-456f-8bff-58a6dda9a4ea', '(enkel, folklig) sång', 'en visa av Evert Taube', NULL, 'lexin-swe'), ('411321e6-97b7-4afe-9a8a-561ae02b8ae0', '0a5bf89f-e4d3-456f-8bff-58a6dda9a4ea', 'air, song, tune, melody', NULL, NULL, 'folkets-lexikon');
INSERT INTO Word (id, lemma, part_of_speech, phonetic, phonetic_voice, phonetic_url) VALUES ('14e51b0a-3c93-46ff-9e14-407024d62ebd', '-vänlig', 'adj.', '-ve:nlig', NULL, 'http://lexin.nada.kth.se/sound/-v0344nlig.mp3');
INSERT INTO WordIndex (id, word_id, spell, form) VALUES ('240e4514-97e0-45e1-ae8c-e967af7b74bc', '14e51b0a-3c93-46ff-9e14-407024d62ebd', '-vänlig', 'nform'), ('d36ebb3a-5754-4e52-9202-7b8e5a673d0d', '14e51b0a-3c93-46ff-9e14-407024d62ebd', '-vänligt', 'tform'), ('9dd862dd-0326-4f32-9ca4-dd821c128e91', '14e51b0a-3c93-46ff-9e14-407024d62ebd', '-vänliga', 'aform'), ('b8b413a3-34c8-422e-8636-97d45f62010c', '14e51b0a-3c93-46ff-9e14-407024d62ebd', 'barnvänlig', NULL), ('a1c8ecb0-c844-4fbc-9c6b-7afe164db9d7', '14e51b0a-3c93-46ff-9e14-407024d62ebd', 'barnvänligt', NULL), ('8b088de2-dc9c-44e9-bdfc-33ded199a055', '14e51b0a-3c93-46ff-9e14-407024d62ebd', 'barnvänliga', NULL), ('7198ab0f-f338-4ee0-891a-3b23810cae15', '14e51b0a-3c93-46ff-9e14-407024d62ebd', 'barnvänligare', NULL), ('5064d5ca-1c76-4765-b959-81d23d76fed8', '14e51b0a-3c93-46ff-9e14-407024d62ebd', 'barnvänligast', NULL), ('afaf463e-f9e8-47f1-be7d-6e58e9d70ab3', '14e51b0a-3c93-46ff-9e14-407024d62ebd', 'barnvänligaste', NULL), ('c49ba7b1-0361-4b8b-a956-21b40f08e106', '14e51b0a-3c93-46ff-9e14-407024d62ebd', 'barn', NULL), ('f270e645-7518-4e46-955c-a8d9d7546b50', '14e51b0a-3c93-46ff-9e14-407024d62ebd', 'vänlig', NULL), ('4d325c6e-f860-455c-97f1-1d11ca2a9d35', '14e51b0a-3c93-46ff-9e14-407024d62ebd', 'vänligt', NULL), ('35c26212-b17c-484e-b6f7-b281f1e4579f', '14e51b0a-3c93-46ff-9e14-407024d62ebd', 'vänliga', NULL), ('2317467a-f50f-467b-be68-2c554e6688a5', '14e51b0a-3c93-46ff-9e14-407024d62ebd', 'vänligare', NULL), ('24473c64-7207-4280-9eb4-cb4ce64eb7d1', '14e51b0a-3c93-46ff-9e14-407024d62ebd', 'vänligast', NULL), ('00d1a91d-21db-4049-9b24-35c77be8d657', '14e51b0a-3c93-46ff-9e14-407024d62ebd', 'vänligaste', NULL), ('23df2c3c-9f1b-497e-8d3e-4f4c3665eaba', '14e51b0a-3c93-46ff-9e14-407024d62ebd', 'handikappvänlig', NULL), ('f5e96c73-7bf2-4bf4-b781-331601d851c2', '14e51b0a-3c93-46ff-9e14-407024d62ebd', 'handikappvänligt', NULL), ('bf55cdfc-5072-4186-a67d-9718c2d2a622', '14e51b0a-3c93-46ff-9e14-407024d62ebd', 'handikappvänliga', NULL), ('2a413ce0-3561-4bbf-af26-7c7a206875c0', '14e51b0a-3c93-46ff-9e14-407024d62ebd', 'handikapp', NULL), ('60d92afa-8850-41ef-900d-ffdf1558eb70', '14e51b0a-3c93-46ff-9e14-407024d62ebd', 'miljövänlig', NULL), ('aa1df595-8a00-476e-922e-eed2615bad0d', '14e51b0a-3c93-46ff-9e14-407024d62ebd', 'miljövänligt', NULL), ('910436c6-33f4-4af3-a9f9-39b4936dfe42', '14e51b0a-3c93-46ff-9e14-407024d62ebd', 'miljövänliga', NULL), ('abae9d18-77b7-4fec-88aa-e4ccda3f80e1', '14e51b0a-3c93-46ff-9e14-407024d62ebd', 'miljövänlige', NULL), ('e223ed9c-5c24-44ea-b211-ed79ab1d8472', '14e51b0a-3c93-46ff-9e14-407024d62ebd', 'miljövänligare', NULL), ('d192bec0-a05d-40dd-86bb-2137e7283867', '14e51b0a-3c93-46ff-9e14-407024d62ebd', 'miljövänligast', NULL), ('315ea16d-2575-4ec9-a005-11de9ee71178', '14e51b0a-3c93-46ff-9e14-407024d62ebd', 'miljövänligaste', NULL), ('c9b2e02f-d4fb-4e9b-aabe-c9c91a85d824', '14e51b0a-3c93-46ff-9e14-407024d62ebd', 'miljö', NULL), ('3c9567d1-9749-495d-b087-c32a87a355e2', '14e51b0a-3c93-46ff-9e14-407024d62ebd', 'vänlige', NULL);
INSERT INTO Lexeme (id, word_id, definition, example, example_meaning, source) VALUES ('d3fa5d39-0f47-4364-be60-84a123762be4', '14e51b0a-3c93-46ff-9e14-407024d62ebd', 'lämplig, bra', NULL, NULL, 'lexin-swe');
